_time,dev_id,gw_pwr_st,lat,long,ts,A1,A10,A11,A12,A2,A3,A4,A5,A6,A7,A8,A9,Charge_alt_V,Coolant_T,DG_Batt_V,DG_st,Eng_rpm,Eng_run_H,Eng_run_M,Fuel_L,Fuel_L_in_lit,G_L1_L2_V,G_L1_N_V,G_L1_fr,G_L2_L3_V,G_L2_N_V,G_L2_fr,G_L3_L1_V,G_L3_N_V,G_L3_fr,G_avg_pf,G_cum_En,G_cum_R_En,G_cum_ap_En,G_pf_L1,G_pf_L2,G_pf_L3,IO_diag,Ld_L1_A,Ld_L1_VA,Ld_L1_W,Ld_L1_var,Ld_L2_A,Ld_L2_VA,Ld_L2_W,Ld_L2_var,Ld_L3_A,Ld_L3_VA,Ld_L3_W,Ld_L3_var,Ld_Ttl_VA,Ld_Ttl_W,Ld_Ttl_var,M_L1_L2_V,M_L1_N_V,M_L1_fr,M_L2_L3_V,M_L2_N_V,M_L2_fr,M_L3_L1_V,M_L3_N_V,M_L3_fr,M_cum_En,M_cum_R_En,M_cum_ap_En,M_run_H,M_run_M,No_of_starts,No_of_trips,Oil_P,Pct_Ld,U_L,pro_rev
"09/12/2025, 11:43:00",,,,,,,,,,,,,,,,,,,,,,,,,,,,,,,,,,,,,,,,,,,,,,,,,,,,,,,,,,,,,,,,,,,,,,,,,,,,,,
"09/12/2025, 11:44:00",MWX_ELM_GW10002,1,0,0,1765260838,4368,4369,4352,241,273,17,4369,0,0,4096,4352,0,0.1,25,13.5,26752,0,84,57,89,229,0,0,0,0,0,0,0,0,0,0,2762,400,2795,0,0,0,5,0,0,0,0,0,0,0,0,0,0,0,0,0,0,0,404,233,50,405,234,50,402,232,50,0,0,0,0,0,255,17,0,0,100,1
"09/12/2025, 11:44:20",MWX_ELM_GW10005,1,0,0,1765260844,4368,4369,4352,241,273,17,4369,1280,0,4096,4352,0,0.1,81,13.2,26753,0,44,54,78,201,0,0,0,0,0,0,0,0,0,0,1132,273,1169,0,0,0,5,0,0,0,0,0,0,0,0,0,0,0,0,0,0,0,401,231,50,399,231,50,401,231,50,0,0,0,0,0,385,7,0,0,100,1
"09/12/2025, 11:45:00",,,,,,,,,,,,,,,,,,,,,,,,,,,,,,,,,,,,,,,,,,,,,,,,,,,,,,,,,,,,,,,,,,,,,,,,,,,,,,
"09/12/2025, 11:45:20",MWX_ELM_GW10003,1,17.6,78.2,1765260914,,,,,,,,,,,,,,,,,,,,,,,,,,,,,,,,,,,,,,,,,,,,,,,,,,,,,,,,,,,,,,,,,,,,,,,,,
"09/12/2025, 11:45:40",MWX_ELM_GW10003,1,17.6,78.2,1765260920,,,,,,,,,,,,,,,,,,,,,,,,,,,,,,,,,,,,,,,,,,,,,,,,,,,,,,,,,,,,,,,,,,,,,,,,,
"09/12/2025, 11:46:00",,,,,,,,,,,,,,,,,,,,,,,,,,,,,,,,,,,,,,,,,,,,,,,,,,,,,,,,,,,,,,,,,,,,,,,,,,,,,,
"09/12/2025, 11:46:40",MWX_ELM_GW10005,1,0,0,1765260980,4368,4369,4352,241,273,17,4369,1280,0,4096,4352,0,0.1,80,13.2,26753,0,44,54,78,201,0,0,0,0,0,0,0,0,0,0,1132,273,1169,0,0,0,5,0,0,0,0,0,0,0,0,0,0,0,0,0,0,0,403,232,50,401,232,50,402,232,50,0,0,0,0,0,385,7,0,0,100,1
"09/12/2025, 11:47:00",,,,,,,,,,,,,,,,,,,,,,,,,,,,,,,,,,,,,,,,,,,,,,,,,,,,,,,,,,,,,,,,,,,,,,,,,,,,,,
"09/12/2025, 11:48:00",MWX_ELM_GW10001,1,18.4,76.5,1765261070,,,,,,,,,,,,,,,,,,,,,,,,,,,,,,,,,,,,,,,,,,,,,,,,,,,,,,,,,,,,,,,,,,,,,,,,,
"09/12/2025, 11:48:40",MWX_ELM_GW10003,1,17.6,78.2,1765261111,,,,,,,,,,,,,,,,,,,,,,,,,,,,,,,,,,,,,,,,,,,,,,,,,,,,,,,,,,,,,,,,,,,,,,,,,
"09/12/2025, 11:49:00",,,,,,,,,,,,,,,,,,,,,,,,,,,,,,,,,,,,,,,,,,,,,,,,,,,,,,,,,,,,,,,,,,,,,,,,,,,,,,
"09/12/2025, 11:49:20",MWX_ELM_GW10001,1,18.4,76.5,1765261144,,,,,,,,,,,,,,,,,,,,,,,,,,,,,,,,,,,,,,,,,,,,,,,,,,,,,,,,,,,,,,,,,,,,,,,,,
"09/12/2025, 11:50:00",MWX_ELM_GW10005,1,0,0,1765261182,4368,4369,4352,241,273,17,4369,1280,0,4096,4352,0,0.1,79,13.2,26753,0,44,54,78,200,0,0,0,0,0,0,0,0,0,0,1132,273,1169,0,0,0,5,0,0,0,0,0,0,0,0,0,0,0,0,0,0,0,402,232,50,400,232,50,401,231,50,0,0,0,0,0,385,7,0,0,100,1
"09/12/2025, 11:50:20",MWX_ELM_GW10001,1,18.4,76.5,1765261215,,,,,,,,,,,,,,,,,,,,,,,,,,,,,,,,,,,,,,,,,,,,,,,,,,,,,,,,,,,,,,,,,,,,,,,,,
"09/12/2025, 11:51:00",,,,,,,,,,,,,,,,,,,,,,,,,,,,,,,,,,,,,,,,,,,,,,,,,,,,,,,,,,,,,,,,,,,,,,,,,,,,,,
"09/12/2025, 11:51:20",MWX_ELM_GW10001,1,18.4,76.5,1765261275,,,,,,,,,,,,,,,,,,,,,,,,,,,,,,,,,,,,,,,,,,,,,,,,,,,,,,,,,,,,,,,,,,,,,,,,,
"09/12/2025, 11:51:40",MWX_ELM_GW10001,1,18.4,76.5,1765261285,,,,,,,,,,,,,,,,,,,,,,,,,,,,,,,,,,,,,,,,,,,,,,,,,,,,,,,,,,,,,,,,,,,,,,,,,
"09/12/2025, 11:52:00",MWX_ELM_GW10003,1,17.6,78.2,1765261318,,,,,,,,,,,,,,,,,,,,,,,,,,,,,,,,,,,,,,,,,,,,,,,,,,,,,,,,,,,,,,,,,,,,,,,,,
"09/12/2025, 11:53:00",,,,,,,,,,,,,,,,,,,,,,,,,,,,,,,,,,,,,,,,,,,,,,,,,,,,,,,,,,,,,,,,,,,,,,,,,,,,,,
"09/12/2025, 11:53:20",MWX_ELM_GW10002,1,0,0,1765261388,4368,4369,4352,241,273,17,4369,0,0,4096,4352,0,0.1,25,13.5,26752,0,84,57,89,229,0,0,0,0,0,0,0,0,0,0,2762,400,2795,0,0,0,5,0,0,0,0,0,0,0,0,0,0,0,0,0,0,0,402,232,50,403,233,50,401,232,50.1,0,0,0,0,0,255,17,0,0,100,1
"09/12/2025, 11:54:00",MWX_ELM_GW10004,1,0,0,1765261433,4368,4369,4352,241,273,17,4369,1280,0,4096,4352,0,0.1,43,13.4,26753,0,356,6,85,219,0,0,0,0,0,0,0,0,0,0,6553695,1555,65536319,0,0,0,5,0,0,0,0,0,0,0,0,0,0,0,0,0,0,0,404,233,50,404,234,50.1,403,232,50,0,0,0,0,0,1127,22,0,0,36,1
"09/12/2025, 11:54:20",MWX_ELM_GW10002,1,0,0,1765261458,4368,4369,4352,241,273,17,4369,0,0,4096,4352,0,0.1,25,13.5,26752,0,84,57,89,229,0,0,0,0,0,0,0,0,0,0,2762,400,2795,0,0,0,5,0,0,0,0,0,0,0,0,0,0,0,0,0,0,0,402,232,50.1,403,232,50,400,231,50.1,0,0,0,0,0,255,17,0,0,100,1
"09/12/2025, 11:55:00",,,,,,,,,,,,,,,,,,,,,,,,,,,,,,,,,,,,,,,,,,,,,,,,,,,,,,,,,,,,,,,,,,,,,,,,,,,,,,
"09/12/2025, 11:55:40",MWX_ELM_GW10002,1,0,0,1765261528,4368,4369,4352,241,273,17,4369,0,0,4096,4352,0,0.1,25,13.5,26752,0,84,57,89,229,0,0,0,0,0,0,0,0,0,0,2762,400,2795,0,0,0,5,0,0,0,0,0,0,0,0,0,0,0,0,0,0,0,402,232,50,403,233,50,400,231,50,0,0,0,0,0,255,17,0,0,100,1
"09/12/2025, 11:56:00",MWX_ELM_GW10001,1,18.4,76.5,1765261557,,,,,,,,,,,,,,,,,,,,,,,,,,,,,,,,,,,,,,,,,,,,,,,,,,,,,,,,,,,,,,,,,,,,,,,,,
"09/12/2025, 11:56:20",MWX_ELM_GW10004,1,0,0,1765261570,4368,4369,4352,241,273,17,4369,1280,0,4096,4352,0,0.1,43,13.4,26753,0,356,6,85,219,0,0,0,0,0,0,0,0,0,0,6553695,1555,65536319,0,0,0,5,0,0,0,0,0,0,0,0,0,0,0,0,0,0,0,404,233,50,404,234,50,403,232,50.1,0,0,0,0,0,1127,22,0,0,36,1
"09/12/2025, 11:56:40",MWX_ELM_GW10002,1,0,0,1765261597,4368,4369,4352,241,273,17,4369,0,0,4096,4352,0,0.1,25,13.5,26752,0,84,57,89,229,0,0,0,0,0,0,0,0,0,0,2762,400,2795,0,0,0,5,0,0,0,0,0,0,0,0,0,0,0,0,0,0,0,401,232,50,403,232,50,400,231,50.1,0,0,0,0,0,255,17,0,0,100,1
"09/12/2025, 11:57:00",MWX_ELM_GW10005,1,0,0,1765261607,4368,4369,4352,241,273,17,4369,1280,0,4096,4352,0,0.1,78,13.2,26753,0,44,54,78,201,0,0,0,0,0,0,0,0,0,0,1132,273,1169,0,0,0,5,0,0,0,0,0,0,0,0,0,0,0,0,0,0,0,400,231,50,398,231,50,399,230,50.1,0,0,0,0,0,385,7,0,0,100,1
"09/12/2025, 11:57:20",MWX_ELM_GW10004,1,0,0,1765261630,4368,4369,4352,241,273,17,4369,1280,0,4096,4352,0,0.1,43,13.4,26753,0,356,6,85,219,0,0,0,0,0,0,0,0,0,0,6553695,1555,65536319,0,0,0,5,0,0,0,0,0,0,0,0,0,0,0,0,0,0,0,404,233,50.1,404,234,50.1,404,232,50.1,0,0,0,0,0,1127,22,0,0,36,1
"09/12/2025, 11:57:40",MWX_ELM_GW10004,1,0,0,1765261640,4368,4369,4352,241,273,17,4369,1280,0,4096,4352,0,0.1,43,13.4,26753,0,356,6,85,219,0,0,0,0,0,0,0,0,0,0,6553695,1555,65536319,0,0,0,5,0,0,0,0,0,0,0,0,0,0,0,0,0,0,0,405,233,50.1,404,234,50.1,403,232,50.1,0,0,0,0,0,1127,22,0,0,36,1
"09/12/2025, 11:58:00",,,,,,,,,,,,,,,,,,,,,,,,,,,,,,,,,,,,,,,,,,,,,,,,,,,,,,,,,,,,,,,,,,,,,,,,,,,,,,
"09/12/2025, 11:58:20",MWX_ELM_GW10001,1,18.4,76.5,1765261698,,,,,,,,,,,,,,,,,,,,,,,,,,,,,,,,,,,,,,,,,,,,,,,,,,,,,,,,,,,,,,,,,,,,,,,,,
"09/12/2025, 11:59:00",MWX_ELM_GW10005,1,0,0,1765261737,4368,4369,4352,241,273,17,4369,1280,0,4096,4352,0,0.1,77,13.2,26753,0,44,54,78,201,0,0,0,0,0,0,0,0,0,0,1132,273,1169,0,0,0,5,0,0,0,0,0,0,0,0,0,0,0,0,0,0,0,401,231,50.1,398,231,50.1,400,230,50.1,0,0,0,0,0,385,7,0,0,100,1
"09/12/2025, 11:59:20",MWX_ELM_GW10005,1,0,0,1765261748,4368,4369,4352,241,273,17,4369,1280,0,4096,4352,0,0.1,77,13.3,26753,0,44,54,78,201,0,0,0,0,0,0,0,0,0,0,1132,273,1169,0,0,0,5,0,0,0,0,0,0,0,0,0,0,0,0,0,0,0,401,231,50.1,398,231,50.1,400,230,50.1,0,0,0,0,0,385,7,0,0,100,1
"09/12/2025, 11:59:40",MWX_ELM_GW10003,1,17.6,78.2,1765261778,,,,,,,,,,,,,,,,,,,,,,,,,,,,,,,,,,,,,,,,,,,,,,,,,,,,,,,,,,,,,,,,,,,,,,,,,
"09/12/2025, 12:00:00",,,,,,,,,,,,,,,,,,,,,,,,,,,,,,,,,,,,,,,,,,,,,,,,,,,,,,,,,,,,,,,,,,,,,,,,,,,,,,
"09/12/2025, 12:00:20",MWX_ELM_GW10002,1,0,0,1765261807,4368,4369,4352,241,273,17,4369,0,0,4096,4352,0,0.1,25,13.5,26752,0,84,57,89,229,0,0,0,0,0,0,0,0,0,0,2762,400,2795,0,0,0,5,0,0,0,0,0,0,0,0,0,0,0,0,0,0,0,401,232,50.1,403,232,50.1,400,231,50.1,0,0,0,0,0,255,17,0,0,100,1
"09/12/2025, 12:00:40",MWX_ELM_GW10004,1,0,0,1765261831,4368,4369,4352,241,273,17,4369,1280,0,4096,4352,0,0.1,43,13.3,26753,0,356,6,85,219,0,0,0,0,0,0,0,0,0,0,6553695,1555,65536319,0,0,0,5,0,0,0,0,0,0,0,0,0,0,0,0,0,0,0,406,234,50.1,405,235,50.1,405,233,50.1,0,0,0,0,0,1127,22,0,0,36,1
"09/12/2025, 12:01:00",,,,,,,,,,,,,,,,,,,,,,,,,,,,,,,,,,,,,,,,,,,,,,,,,,,,,,,,,,,,,,,,,,,,,,,,,,,,,,
"09/12/2025, 12:02:00",MWX_ELM_GW10004,1,0,0,1765261901,4368,4369,4352,241,273,17,4369,1280,0,4096,4352,0,0.1,43,13.3,26753,0,356,6,85,219,0,0,0,0,0,0,0,0,0,0,6553695,1555,65536319,0,0,0,5,0,0,0,0,0,0,0,0,0,0,0,0,0,0,0,405,234,50.1,405,235,50.1,404,233,50.1,0,0,0,0,0,1127,22,0,0,36,1
"09/12/2025, 12:03:00",,,,,,,,,,,,,,,,,,,,,,,,,,,,,,,,,,,,,,,,,,,,,,,,,,,,,,,,,,,,,,,,,,,,,,,,,,,,,,
"09/12/2025, 12:03:20",MWX_ELM_GW10003,1,17.6,78.2,1765261988,,,,,,,,,,,,,,,,,,,,,,,,,,,,,,,,,,,,,,,,,,,,,,,,,,,,,,,,,,,,,,,,,,,,,,,,,
"09/12/2025, 12:04:00",,,,,,,,,,,,,,,,,,,,,,,,,,,,,,,,,,,,,,,,,,,,,,,,,,,,,,,,,,,,,,,,,,,,,,,,,,,,,,
"09/12/2025, 12:04:20",MWX_ELM_GW10003,1,17.6,78.2,1765262059,,,,,,,,,,,,,,,,,,,,,,,,,,,,,,,,,,,,,,,,,,,,,,,,,,,,,,,,,,,,,,,,,,,,,,,,,
"09/12/2025, 12:05:00",,,,,,,,,,,,,,,,,,,,,,,,,,,,,,,,,,,,,,,,,,,,,,,,,,,,,,,,,,,,,,,,,,,,,,,,,,,,,,
"09/12/2025, 12:05:20",MWX_ELM_GW10002,1,0,0,1765262111,4368,4369,4352,241,273,17,4369,0,0,4096,4352,0,0.1,25,13.5,26752,0,84,57,89,229,0,0,0,0,0,0,0,0,0,0,2762,400,2795,0,0,0,5,0,0,0,0,0,0,0,0,0,0,0,0,0,0,0,404,234,50.1,406,234,50.1,403,233,50.1,0,0,0,0,0,255,17,0,0,100,1
"09/12/2025, 12:05:40",MWX_ELM_GW10003,1,17.6,78.2,1765262129,,,,,,,,,,,,,,,,,,,,,,,,,,,,,,,,,,,,,,,,,,,,,,,,,,,,,,,,,,,,,,,,,,,,,,,,,
"09/12/2025, 12:06:00",,,,,,,,,,,,,,,,,,,,,,,,,,,,,,,,,,,,,,,,,,,,,,,,,,,,,,,,,,,,,,,,,,,,,,,,,,,,,,
"09/12/2025, 12:06:20",MWX_ELM_GW10004,1,0,0,1765262176,4368,4369,4352,241,273,17,4369,1280,0,4096,4352,0,0.1,42,13.3,26753,0,356,6,85,219,0,0,0,0,0,0,0,0,0,0,6553695,1555,65536319,0,0,0,5,0,0,0,0,0,0,0,0,0,0,0,0,0,0,0,406,234,50.1,405,235,50,404,233,50.1,0,0,0,0,0,1127,22,0,0,36,1
"09/12/2025, 12:06:40",MWX_ELM_GW10002,1,0,0,1765262181,4368,4369,4352,241,273,17,4369,0,0,4096,4352,0,0.1,25,13.5,26752,0,84,57,89,229,0,0,0,0,0,0,0,0,0,0,2762,400,2795,0,0,0,5,0,0,0,0,0,0,0,0,0,0,0,0,0,0,0,403,233,50.1,405,233,50.1,403,233,50.1,0,0,0,0,0,255,17,0,0,100,1
"09/12/2025, 12:07:00",MWX_ELM_GW10005,1,0,0,1765262217,4368,4369,4352,241,273,17,4369,1280,0,4096,4352,0,0.1,76,13.2,26753,0,44,54,78,200,0,0,0,0,0,0,0,0,0,0,1132,273,1169,0,0,0,5,0,0,0,0,0,0,0,0,0,0,0,0,0,0,0,401,231,50.1,401,233,50.1,402,232,50.1,0,0,0,0,0,385,7,0,0,100,1
"09/12/2025, 12:07:20",MWX_ELM_GW10004,1,0,0,1765262236,4368,4369,4352,241,273,17,4369,1280,0,4096,4352,0,0.1,42,13.4,26753,0,356,6,85,219,0,0,0,0,0,0,0,0,0,0,6553695,1555,65536319,0,0,0,5,0,0,0,0,0,0,0,0,0,0,0,0,0,0,0,405,233,50.1,405,235,50.1,404,233,50.1,0,0,0,0,0,1127,22,0,0,36,1
"09/12/2025, 12:07:40",MWX_ELM_GW10004,1,0,0,1765262246,4368,4369,4352,241,273,17,4369,1280,0,4096,4352,0,0.1,42,13.4,26753,0,356,6,85,219,0,0,0,0,0,0,0,0,0,0,6553695,1555,65536319,0,0,0,5,0,0,0,0,0,0,0,0,0,0,0,0,0,0,0,405,233,50,404,234,50.1,403,232,50.1,0,0,0,0,0,1127,22,0,0,36,1
"09/12/2025, 12:08:00",MWX_ELM_GW10003,1,17.6,78.2,1765262270,,,,,,,,,,,,,,,,,,,,,,,,,,,,,,,,,,,,,,,,,,,,,,,,,,,,,,,,,,,,,,,,,,,,,,,,,
"09/12/2025, 12:09:00",MWX_ELM_GW10002,1,0,0,1765262321,4368,4369,4352,241,273,17,4369,0,0,4096,4352,0,0.1,25,13.5,26752,0,84,57,89,229,0,0,0,0,0,0,0,0,0,0,2762,400,2795,0,0,0,5,0,0,0,0,0,0,0,0,0,0,0,0,0,0,0,404,233,50,405,234,50,402,232,50,0,0,0,0,0,255,17,0,0,100,1
"09/12/2025, 12:10:00",MWX_ELM_GW10002,1,0,0,1765262390,4368,4369,4352,241,273,17,4369,0,0,4096,4352,0,0.1,25,13.5,26752,0,84,57,89,229,0,0,0,0,0,0,0,0,0,0,2762,400,2795,0,0,0,5,0,0,0,0,0,0,0,0,0,0,0,0,0,0,0,404,233,50,405,234,50,402,232,50,0,0,0,0,0,255,17,0,0,100,1
"09/12/2025, 12:10:20",MWX_ELM_GW10003,1,17.6,78.2,1765262406,,,,,,,,,,,,,,,,,,,,,,,,,,,,,,,,,,,,,,,,,,,,,,,,,,,,,,,,,,,,,,,,,,,,,,,,,
"09/12/2025, 12:10:40",MWX_ELM_GW10004,1,0,0,1765262437,4368,4369,4352,241,273,17,4369,1280,0,4096,4352,0,0.1,42,13.3,26753,0,356,6,85,219,0,0,0,0,0,0,0,0,0,0,6553695,1555,65536319,0,0,0,5,0,0,0,0,0,0,0,0,0,0,0,0,0,0,0,405,233,50,404,234,50,404,233,50,0,0,0,0,0,1127,22,0,0,36,1
"09/12/2025, 12:11:00",,,,,,,,,,,,,,,,,,,,,,,,,,,,,,,,,,,,,,,,,,,,,,,,,,,,,,,,,,,,,,,,,,,,,,,,,,,,,,
"09/12/2025, 12:11:20",MWX_ELM_GW10001,1,18.4,76.5,1765262468,,,,,,,,,,,,,,,,,,,,,,,,,,,,,,,,,,,,,,,,,,,,,,,,,,,,,,,,,,,,,,,,,,,,,,,,,
"09/12/2025, 12:11:40",MWX_ELM_GW10005,1,0,0,1765262494,4368,4369,4352,241,273,17,4369,1280,0,4096,4352,0,0.1,75,13.2,26753,0,44,54,78,201,0,0,0,0,0,0,0,0,0,0,1132,273,1169,0,0,0,5,0,0,0,0,0,0,0,0,0,0,0,0,0,0,0,402,231,50,401,233,50,401,231,50,0,0,0,0,0,385,7,0,0,100,1
"09/12/2025, 12:12:00",MWX_ELM_GW10004,1,0,0,1765262508,4368,4369,4352,241,273,17,4369,1280,0,4096,4352,0,0.1,42,13.3,26753,0,356,6,85,219,0,0,0,0,0,0,0,0,0,0,6553695,1555,65536319,0,0,0,5,0,0,0,0,0,0,0,0,0,0,0,0,0,0,0,404,233,50,404,234,50,403,232,50,0,0,0,0,0,1127,22,0,0,36,1
"09/12/2025, 12:12:20",MWX_ELM_GW10001,1,18.4,76.5,1765262538,,,,,,,,,,,,,,,,,,,,,,,,,,,,,,,,,,,,,,,,,,,,,,,,,,,,,,,,,,,,,,,,,,,,,,,,,
"09/12/2025, 12:12:40",MWX_ELM_GW10003,1,17.6,78.2,1765262540,,,,,,,,,,,,,,,,,,,,,,,,,,,,,,,,,,,,,,,,,,,,,,,,,,,,,,,,,,,,,,,,,,,,,,,,,
"09/12/2025, 12:13:00",MWX_ELM_GW10004,1,0,0,1765262579,4368,4369,4352,241,273,17,4369,1280,0,4096,4352,0,0.1,42,13.3,26753,0,356,6,85,219,0,0,0,0,0,0,0,0,0,0,6553695,1555,65536319,0,0,0,5,0,0,0,0,0,0,0,0,0,0,0,0,0,0,0,405,233,50,404,234,50,403,232,50,0,0,0,0,0,1127,22,0,0,36,1
"09/12/2025, 12:13:20",MWX_ELM_GW10002,1,0,0,1765262596,4368,4369,4352,241,273,17,4369,0,0,4096,4352,0,0.1,25,13.5,26752,0,84,57,89,229,0,0,0,0,0,0,0,0,0,0,2762,400,2795,0,0,0,5,0,0,0,0,0,0,0,0,0,0,0,0,0,0,0,404,233,50,404,233,50,402,232,50,0,0,0,0,0,255,17,0,0,100,1
"09/12/2025, 12:13:40",MWX_ELM_GW10003,1,17.6,78.2,1765262611,,,,,,,,,,,,,,,,,,,,,,,,,,,,,,,,,,,,,,,,,,,,,,,,,,,,,,,,,,,,,,,,,,,,,,,,,
"09/12/2025, 12:14:00",MWX_ELM_GW10005,1,0,0,1765262630,4368,4369,4352,241,273,17,4369,1280,0,4096,4352,0,0.1,74,13.3,26753,0,44,54,78,200,0,0,0,0,0,0,0,0,0,0,1132,273,1169,0,0,0,5,0,0,0,0,0,0,0,0,0,0,0,0,0,0,0,402,231,49.9,401,233,49.9,402,232,49.9,0,0,0,0,0,385,7,0,0,100,1
"09/12/2025, 12:14:20",MWX_ELM_GW10004,1,0,0,1765262650,4368,4369,4352,241,273,17,4369,1280,0,4096,4352,0,0.1,42,13.3,26753,0,356,6,85,219,0,0,0,0,0,0,0,0,0,0,6553695,1555,65536319,0,0,0,5,0,0,0,0,0,0,0,0,0,0,0,0,0,0,0,406,234,50,405,235,50,404,233,50,0,0,0,0,0,1127,22,0,0,36,1
"09/12/2025, 12:14:40",MWX_ELM_GW10002,1,0,0,1765262666,4368,4369,4352,241,273,17,4369,0,0,4096,4352,0,0.1,25,13.5,26752,0,84,57,89,229,0,0,0,0,0,0,0,0,0,0,2762,400,2795,0,0,0,5,0,0,0,0,0,0,0,0,0,0,0,0,0,0,0,404,233,50,404,234,50,401,232,50,0,0,0,0,0,255,17,0,0,100,1
"09/12/2025, 12:15:00",MWX_ELM_GW10001,1,18.4,76.5,1765262680,,,,,,,,,,,,,,,,,,,,,,,,,,,,,,,,,,,,,,,,,,,,,,,,,,,,,,,,,,,,,,,,,,,,,,,,,
"09/12/2025, 12:15:20",MWX_ELM_GW10005,1,0,0,1765262701,4368,4369,4352,241,273,17,4369,1280,0,4096,4352,0,0.1,74,13.2,26753,0,44,54,78,201,0,0,0,0,0,0,0,0,0,0,1132,273,1169,0,0,0,5,0,0,0,0,0,0,0,0,0,0,0,0,0,0,0,402,232,50,401,233,50,402,232,50,0,0,0,0,0,385,7,0,0,100,1
"09/12/2025, 12:15:40",MWX_ELM_GW10002,1,0,0,1765262736,4368,4369,4352,241,273,17,4369,0,0,4096,4352,0,0.1,25,13.5,26752,0,84,57,89,229,0,0,0,0,0,0,0,0,0,0,2762,400,2795,0,0,0,5,0,0,0,0,0,0,0,0,0,0,0,0,0,0,0,403,233,50,404,233,50,401,232,50,0,0,0,0,0,255,17,0,0,100,1
"09/12/2025, 12:16:00",MWX_ELM_GW10003,1,17.6,78.2,1765262755,,,,,,,,,,,,,,,,,,,,,,,,,,,,,,,,,,,,,,,,,,,,,,,,,,,,,,,,,,,,,,,,,,,,,,,,,
"09/12/2025, 12:16:40",MWX_ELM_GW10004,1,0,0,1765262791,4368,4369,4352,241,273,17,4369,1280,0,4096,4352,0,0.1,41,13.4,26753,0,356,6,85,219,0,0,0,0,0,0,0,0,0,0,6553695,1555,65536319,0,0,0,5,0,0,0,0,0,0,0,0,0,0,0,0,0,0,0,406,234,50,405,235,50,404,233,50,0,0,0,0,0,1127,22,0,0,36,1
"09/12/2025, 12:17:00",,,,,,,,,,,,,,,,,,,,,,,,,,,,,,,,,,,,,,,,,,,,,,,,,,,,,,,,,,,,,,,,,,,,,,,,,,,,,,
"09/12/2025, 12:17:20",MWX_ELM_GW10003,1,17.6,78.2,1765262825,,,,,,,,,,,,,,,,,,,,,,,,,,,,,,,,,,,,,,,,,,,,,,,,,,,,,,,,,,,,,,,,,,,,,,,,,
"09/12/2025, 12:18:00",MWX_ELM_GW10002,1,0,0,1765262876,4368,4369,4352,241,273,17,4369,0,0,4096,4352,0,0.1,25,13.5,26752,0,84,57,89,229,0,0,0,0,0,0,0,0,0,0,2762,400,2795,0,0,0,5,0,0,0,0,0,0,0,0,0,0,0,0,0,0,0,403,232,50,404,233,50,401,231,50,0,0,0,0,0,255,17,0,0,100,1
"09/12/2025, 12:18:20",MWX_ELM_GW10003,1,17.6,78.2,1765262896,,,,,,,,,,,,,,,,,,,,,,,,,,,,,,,,,,,,,,,,,,,,,,,,,,,,,,,,,,,,,,,,,,,,,,,,,
"09/12/2025, 12:19:00",MWX_ELM_GW10002,1,0,0,1765262936,4368,4369,4352,241,273,17,4369,0,0,4096,4352,0,0.1,25,13.5,26752,0,84,57,89,229,0,0,0,0,0,0,0,0,0,0,2762,400,2795,0,0,0,5,0,0,0,0,0,0,0,0,0,0,0,0,0,0,0,404,233,50,404,233,50,402,232,49.9,0,0,0,0,0,255,17,0,0,100,1
"09/12/2025, 12:19:20",MWX_ELM_GW10002,1,0,0,1765262946,4368,4369,4352,241,273,17,4369,0,0,4096,4352,0,0.1,25,13.5,26752,0,84,57,89,229,0,0,0,0,0,0,0,0,0,0,2762,400,2795,0,0,0,5,0,0,0,0,0,0,0,0,0,0,0,0,0,0,0,403,233,50,403,233,50,401,231,49.9,0,0,0,0,0,255,17,0,0,100,1
"09/12/2025, 12:19:40",MWX_ELM_GW10005,1,0,0,1765262979,4368,4369,4352,241,273,17,4369,1280,0,4096,4352,0,0.1,73,13.2,26753,0,44,54,78,201,0,0,0,0,0,0,0,0,0,0,1132,273,1169,0,0,0,5,0,0,0,0,0,0,0,0,0,0,0,0,0,0,0,401,231,50,400,232,50,401,231,50,0,0,0,0,0,385,7,0,0,100,1
"09/12/2025, 12:20:00",,,,,,,,,,,,,,,,,,,,,,,,,,,,,,,,,,,,,,,,,,,,,,,,,,,,,,,,,,,,,,,,,,,,,,,,,,,,,,
"09/12/2025, 12:20:20",MWX_ELM_GW10004,1,0,0,1765263000,4368,4369,4352,241,273,17,4369,1280,0,4096,4352,0,0.1,41,13.3,26753,0,356,6,85,219,0,0,0,0,0,0,0,0,0,0,6553695,1555,65536319,0,0,0,5,0,0,0,0,0,0,0,0,0,0,0,0,0,0,0,404,233,50,403,234,49.9,403,232,50,0,0,0,0,0,1127,22,0,0,36,1
"09/12/2025, 12:21:00",MWX_ELM_GW10005,1,0,0,1765263050,4368,4369,4352,241,273,17,4369,1280,0,4096,4352,0,0.1,73,13.2,26753,0,44,54,78,201,0,0,0,0,0,0,0,0,0,0,1132,273,1169,0,0,0,5,0,0,0,0,0,0,0,0,0,0,0,0,0,0,0,401,231,49.9,400,232,50,401,231,50,0,0,0,0,0,385,7,0,0,100,1
"09/12/2025, 12:21:20",MWX_ELM_GW10004,1,0,0,1765263070,4368,4369,4352,241,273,17,4369,1280,0,4096,4352,0,0.1,41,13.4,26753,0,356,6,85,219,0,0,0,0,0,0,0,0,0,0,6553695,1555,65536319,0,0,0,5,0,0,0,0,0,0,0,0,0,0,0,0,0,0,0,404,233,50,404,234,50,403,232,49.9,0,0,0,0,0,1127,22,0,0,36,1
"09/12/2025, 12:21:40",MWX_ELM_GW10001,1,18.4,76.5,1765263094,,,,,,,,,,,,,,,,,,,,,,,,,,,,,,,,,,,,,,,,,,,,,,,,,,,,,,,,,,,,,,,,,,,,,,,,,
"09/12/2025, 12:22:00",,,,,,,,,,,,,,,,,,,,,,,,,,,,,,,,,,,,,,,,,,,,,,,,,,,,,,,,,,,,,,,,,,,,,,,,,,,,,,
"09/12/2025, 12:22:20",MWX_ELM_GW10005,1,0,0,1765263120,4368,4369,4352,241,273,17,4369,1280,0,4096,4352,0,0.1,72,13.3,26753,0,44,54,78,201,0,0,0,0,0,0,0,0,0,0,1132,273,1169,0,0,0,5,0,0,0,0,0,0,0,0,0,0,0,0,0,0,0,402,231,50,401,233,50,401,231,50,0,0,0,0,0,385,7,0,0,100,1
"09/12/2025, 12:23:00",MWX_ELM_GW10003,1,17.6,78.2,1765263167,,,,,,,,,,,,,,,,,,,,,,,,,,,,,,,,,,,,,,,,,,,,,,,,,,,,,,,,,,,,,,,,,,,,,,,,,
"09/12/2025, 12:23:40",MWX_ELM_GW10004,1,0,0,1765263212,4368,4369,4352,241,273,17,4369,1280,0,4096,4352,0,0.1,41,13.4,26753,0,356,6,85,219,0,0,0,0,0,0,0,0,0,0,6553695,1555,65536319,0,0,0,5,0,0,0,0,0,0,0,0,0,0,0,0,0,0,0,405,233,50,404,234,50,404,233,50,0,0,0,0,0,1127,22,0,0,36,1
"09/12/2025, 12:24:00",,,,,,,,,,,,,,,,,,,,,,,,,,,,,,,,,,,,,,,,,,,,,,,,,,,,,,,,,,,,,,,,,,,,,,,,,,,,,,
"09/12/2025, 12:25:00",MWX_ELM_GW10001,1,18.4,76.5,1765263295,,,,,,,,,,,,,,,,,,,,,,,,,,,,,,,,,,,,,,,,,,,,,,,,,,,,,,,,,,,,,,,,,,,,,,,,,
"09/12/2025, 12:25:20",MWX_ELM_GW10003,1,17.6,78.2,1765263307,,,,,,,,,,,,,,,,,,,,,,,,,,,,,,,,,,,,,,,,,,,,,,,,,,,,,,,,,,,,,,,,,,,,,,,,,
"09/12/2025, 12:25:40",MWX_ELM_GW10005,1,0,0,1765263332,4368,4369,4352,241,273,17,4369,1280,0,4096,4352,0,0.1,72,13.3,26753,0,44,54,78,201,0,0,0,0,0,0,0,0,0,0,1132,273,1169,0,0,0,5,0,0,0,0,0,0,0,0,0,0,0,0,0,0,0,402,231,50,401,233,50,401,231,50,0,0,0,0,0,385,7,0,0,100,1
"09/12/2025, 12:26:00",,,,,,,,,,,,,,,,,,,,,,,,,,,,,,,,,,,,,,,,,,,,,,,,,,,,,,,,,,,,,,,,,,,,,,,,,,,,,,
"09/12/2025, 12:27:00",MWX_ELM_GW10005,1,0,0,1765263403,4368,4369,4352,241,273,17,4369,1280,0,4096,4352,0,0.1,71,13.2,26753,0,44,54,78,201,0,0,0,0,0,0,0,0,0,0,1132,273,1169,0,0,0,5,0,0,0,0,0,0,0,0,0,0,0,0,0,0,0,402,231,50,401,233,50,401,231,50,0,0,0,0,0,385,7,0,0,100,1
"09/12/2025, 12:27:20",MWX_ELM_GW10001,1,18.4,76.5,1765263426,,,,,,,,,,,,,,,,,,,,,,,,,,,,,,,,,,,,,,,,,,,,,,,,,,,,,,,,,,,,,,,,,,,,,,,,,
"09/12/2025, 12:28:00",MWX_ELM_GW10002,1,0,0,1765263475,4368,4369,4352,241,273,17,4369,0,0,4096,4352,0,0.1,25,13.5,26752,0,84,57,89,229,0,0,0,0,0,0,0,0,0,0,2762,400,2795,0,0,0,5,0,0,0,0,0,0,0,0,0,0,0,0,0,0,0,404,233,50,405,234,50,402,232,50,0,0,0,0,0,255,17,0,0,100,1
"09/12/2025, 12:28:40",MWX_ELM_GW10001,1,18.4,76.5,1765263501,,,,,,,,,,,,,,,,,,,,,,,,,,,,,,,,,,,,,,,,,,,,,,,,,,,,,,,,,,,,,,,,,,,,,,,,,
"09/12/2025, 12:29:00",MWX_ELM_GW10005,1,0,0,1765263539,4368,4369,4352,241,273,17,4369,1280,0,4096,4352,0,0.1,71,13.2,26753,0,44,54,78,201,0,0,0,0,0,0,0,0,0,0,1132,273,1169,0,0,0,5,0,0,0,0,0,0,0,0,0,0,0,0,0,0,0,404,232,50,403,235,50,404,232,50,0,0,0,0,0,385,7,0,0,100,1
"09/12/2025, 12:29:40",MWX_ELM_GW10001,1,18.4,76.5,1765263572,,,,,,,,,,,,,,,,,,,,,,,,,,,,,,,,,,,,,,,,,,,,,,,,,,,,,,,,,,,,,,,,,,,,,,,,,
"09/12/2025, 12:30:00",,,,,,,,,,,,,,,,,,,,,,,,,,,,,,,,,,,,,,,,,,,,,,,,,,,,,,,,,,,,,,,,,,,,,,,,,,,,,,
"09/12/2025, 12:30:20",MWX_ELM_GW10005,1,0,0,1765263610,4368,4369,4352,241,273,17,4369,1280,0,4096,4352,0,0.1,71,13.2,26753,0,44,54,78,201,0,0,0,0,0,0,0,0,0,0,1132,273,1169,0,0,0,5,0,0,0,0,0,0,0,0,0,0,0,0,0,0,0,401,231,50,400,233,50,401,231,50,0,0,0,0,0,385,7,0,0,100,1
"09/12/2025, 12:30:40",MWX_ELM_GW10001,1,18.4,76.5,1765263632,,,,,,,,,,,,,,,,,,,,,,,,,,,,,,,,,,,,,,,,,,,,,,,,,,,,,,,,,,,,,,,,,,,,,,,,,
"09/12/2025, 12:31:00",MWX_ELM_GW10001,1,18.4,76.5,1765263643,,,,,,,,,,,,,,,,,,,,,,,,,,,,,,,,,,,,,,,,,,,,,,,,,,,,,,,,,,,,,,,,,,,,,,,,,
"09/12/2025, 12:31:40",MWX_ELM_GW10005,1,0,0,1765263680,4368,4369,4352,241,273,17,4369,1280,0,4096,4352,0,0.1,70,13.2,26753,0,44,54,78,201,0,0,0,0,0,0,0,0,0,0,1132,273,1169,0,0,0,5,0,0,0,0,0,0,0,0,0,0,0,0,0,0,0,401,231,50.1,400,233,50.1,401,230,50,0,0,0,0,0,385,7,0,0,100,1
"09/12/2025, 12:32:00",MWX_ELM_GW10003,1,17.6,78.2,1765263717,,,,,,,,,,,,,,,,,,,,,,,,,,,,,,,,,,,,,,,,,,,,,,,,,,,,,,,,,,,,,,,,,,,,,,,,,
"09/12/2025, 12:32:20",MWX_ELM_GW10003,1,17.6,78.2,1765263728,,,,,,,,,,,,,,,,,,,,,,,,,,,,,,,,,,,,,,,,,,,,,,,,,,,,,,,,,,,,,,,,,,,,,,,,,
"09/12/2025, 12:32:40",MWX_ELM_GW10005,1,0,0,1765263751,4368,4369,4352,241,273,17,4369,1280,0,4096,4352,0,0.1,70,13.3,26753,0,44,54,78,201,0,0,0,0,0,0,0,0,0,0,1132,273,1169,0,0,0,5,0,0,0,0,0,0,0,0,0,0,0,0,0,0,0,401,231,50.1,401,233,50,400,230,50,0,0,0,0,0,385,7,0,0,100,1
"09/12/2025, 12:33:00",,,,,,,,,,,,,,,,,,,,,,,,,,,,,,,,,,,,,,,,,,,,,,,,,,,,,,,,,,,,,,,,,,,,,,,,,,,,,,
"09/12/2025, 12:33:40",MWX_ELM_GW10002,1,0,0,1765263815,4368,4369,4352,241,273,17,4369,0,0,4096,4352,0,0.1,25,13.5,26752,0,84,57,89,229,0,0,0,0,0,0,0,0,0,0,2762,400,2795,0,0,0,5,0,0,0,0,0,0,0,0,0,0,0,0,0,0,0,404,233,50.1,405,234,50.1,402,232,50.1,0,0,0,0,0,255,17,0,0,100,1
"09/12/2025, 12:34:00",MWX_ELM_GW10005,1,0,0,1765263820,4368,4369,4352,241,273,17,4369,1280,0,4096,4352,0,0.1,70,13.2,26753,0,44,54,78,201,0,0,0,0,0,0,0,0,0,0,1132,273,1169,0,0,0,5,0,0,0,0,0,0,0,0,0,0,0,0,0,0,0,401,231,50,401,233,50.1,401,231,50.1,0,0,0,0,0,385,7,0,0,100,1
"09/12/2025, 12:34:20",MWX_ELM_GW10003,1,17.6,78.2,1765263852,,,,,,,,,,,,,,,,,,,,,,,,,,,,,,,,,,,,,,,,,,,,,,,,,,,,,,,,,,,,,,,,,,,,,,,,,
"09/12/2025, 12:35:00",MWX_ELM_GW10004,1,0,0,1765263896,4368,4369,4352,241,273,17,4369,1280,0,4096,4352,0,0.1,40,13.4,26753,0,356,6,85,219,0,0,0,0,0,0,0,0,0,0,6553695,1555,65536319,0,0,0,5,0,0,0,0,0,0,0,0,0,0,0,0,0,0,0,404,233,50,404,234,50,403,232,50,0,0,0,0,0,1127,22,0,0,36,1
"09/12/2025, 12:35:40",MWX_ELM_GW10003,1,17.6,78.2,1765263922,,,,,,,,,,,,,,,,,,,,,,,,,,,,,,,,,,,,,,,,,,,,,,,,,,,,,,,,,,,,,,,,,,,,,,,,,
"09/12/2025, 12:36:00",MWX_ELM_GW10002,1,0,0,1765263955,4368,4369,4352,241,273,17,4369,0,0,4096,4352,0,0.1,25,13.5,26752,0,84,57,89,229,0,0,0,0,0,0,0,0,0,0,2762,400,2795,0,0,0,5,0,0,0,0,0,0,0,0,0,0,0,0,0,0,0,405,234,50,406,234,50,404,233,50,0,0,0,0,0,255,17,0,0,100,1
"09/12/2025, 12:36:20",MWX_ELM_GW10005,1,0,0,1765263962,4368,4369,4352,241,273,17,4369,1280,0,4096,4352,0,0.1,69,13.2,26753,0,44,54,78,201,0,0,0,0,0,0,0,0,0,0,1132,273,1169,0,0,0,5,0,0,0,0,0,0,0,0,0,0,0,0,0,0,0,402,231,50,401,234,50,401,231,50,0,0,0,0,0,385,7,0,0,100,1
"09/12/2025, 12:36:40",MWX_ELM_GW10003,1,17.6,78.2,1765263993,,,,,,,,,,,,,,,,,,,,,,,,,,,,,,,,,,,,,,,,,,,,,,,,,,,,,,,,,,,,,,,,,,,,,,,,,
"09/12/2025, 12:37:00",,,,,,,,,,,,,,,,,,,,,,,,,,,,,,,,,,,,,,,,,,,,,,,,,,,,,,,,,,,,,,,,,,,,,,,,,,,,,,
"09/12/2025, 12:37:20",MWX_ELM_GW10005,1,0,0,1765264036,4368,4369,4352,241,273,17,4369,1280,0,4096,4352,0,0.1,69,13.2,26753,0,44,54,78,201,0,0,0,0,0,0,0,0,0,0,1132,273,1169,0,0,0,5,0,0,0,0,0,0,0,0,0,0,0,0,0,0,0,402,231,50,401,233,50,401,231,50,0,0,0,0,0,385,7,0,0,100,1
"09/12/2025, 12:38:00",MWX_ELM_GW10003,1,17.6,78.2,1765264063,,,,,,,,,,,,,,,,,,,,,,,,,,,,,,,,,,,,,,,,,,,,,,,,,,,,,,,,,,,,,,,,,,,,,,,,,
"09/12/2025, 12:38:20",MWX_ELM_GW10004,1,0,0,1765264098,4368,4369,4352,241,273,17,4369,1280,0,4096,4352,0,0.1,40,13.4,26753,0,356,6,85,219,0,0,0,0,0,0,0,0,0,0,6553695,1555,65536319,0,0,0,5,0,0,0,0,0,0,0,0,0,0,0,0,0,0,0,404,233,50,404,234,50,403,232,50,0,0,0,0,0,1127,22,0,0,36,1
"09/12/2025, 12:38:40",MWX_ELM_GW10004,1,0,0,1765264108,4368,4369,4352,241,273,17,4369,1280,0,4096,4352,0,0.1,40,13.4,26753,0,356,6,85,219,0,0,0,0,0,0,0,0,0,0,6553695,1555,65536319,0,0,0,5,0,0,0,0,0,0,0,0,0,0,0,0,0,0,0,404,233,50,404,234,50,403,232,50,0,0,0,0,0,1127,22,0,0,36,1
"09/12/2025, 12:39:00",MWX_ELM_GW10003,1,17.6,78.2,1765264133,,,,,,,,,,,,,,,,,,,,,,,,,,,,,,,,,,,,,,,,,,,,,,,,,,,,,,,,,,,,,,,,,,,,,,,,,
"09/12/2025, 12:39:40",MWX_ELM_GW10005,1,0,0,1765264177,4368,4369,4352,241,273,17,4369,1280,0,4096,4352,0,0.1,69,13.2,26753,0,44,54,78,201,0,0,0,0,0,0,0,0,0,0,1132,273,1169,0,0,0,5,0,0,0,0,0,0,0,0,0,0,0,0,0,0,0,402,231,50,401,233,50,401,231,50,0,0,0,0,0,385,7,0,0,100,1
"09/12/2025, 12:40:00",MWX_ELM_GW10003,1,17.6,78.2,1765264193,,,,,,,,,,,,,,,,,,,,,,,,,,,,,,,,,,,,,,,,,,,,,,,,,,,,,,,,,,,,,,,,,,,,,,,,,
"09/12/2025, 12:40:20",MWX_ELM_GW10003,1,17.6,78.2,1765264203,,,,,,,,,,,,,,,,,,,,,,,,,,,,,,,,,,,,,,,,,,,,,,,,,,,,,,,,,,,,,,,,,,,,,,,,,
"09/12/2025, 12:40:40",MWX_ELM_GW10004,1,0,0,1765264233,4368,4369,4352,241,273,17,4369,1280,0,4096,4352,0,0.1,40,13.4,26753,0,356,6,85,219,0,0,0,0,0,0,0,0,0,0,6553695,1555,65536319,0,0,0,5,0,0,0,0,0,0,0,0,0,0,0,0,0,0,0,405,234,50,405,235,50,404,233,50,0,0,0,0,0,1127,22,0,0,36,1
"09/12/2025, 12:41:00",,,,,,,,,,,,,,,,,,,,,,,,,,,,,,,,,,,,,,,,,,,,,,,,,,,,,,,,,,,,,,,,,,,,,,,,,,,,,,
"09/12/2025, 12:42:00",,,,,,,,,,,,,,,,,,,,,,,,,,,,,,,,,,,,,,,,,,,,,,,,,,,,,,,,,,,,,,,,,,,,,,,,,,,,,,
"09/12/2025, 12:42:20",MWX_ELM_GW10003,1,17.6,78.2,1765264328,,,,,,,,,,,,,,,,,,,,,,,,,,,,,,,,,,,,,,,,,,,,,,,,,,,,,,,,,,,,,,,,,,,,,,,,,
"09/12/2025, 12:42:40",MWX_ELM_GW10001,1,18.4,76.5,1765264340,,,,,,,,,,,,,,,,,,,,,,,,,,,,,,,,,,,,,,,,,,,,,,,,,,,,,,,,,,,,,,,,,,,,,,,,,
"09/12/2025, 12:43:00",MWX_ELM_GW10002,1,0,0,1765264366,4368,4369,4352,241,273,17,4369,0,0,4096,4352,0,0.1,25,13.5,26752,0,84,57,89,229,0,0,0,0,0,0,0,0,0,0,2762,400,2795,0,0,0,5,0,0,0,0,0,0,0,0,0,0,0,0,0,0,0,404,233,50,405,234,50,402,232,50,0,0,0,0,0,255,17,0,0,100,1
"09/12/2025, 12:43:20",MWX_ELM_GW10003,1,17.6,78.2,1765264398,,,,,,,,,,,,,,,,,,,,,,,,,,,,,,,,,,,,,,,,,,,,,,,,,,,,,,,,,,,,,,,,,,,,,,,,,
"09/12/2025, 12:44:00",,,,,,,,,,,,,,,,,,,,,,,,,,,,,,,,,,,,,,,,,,,,,,,,,,,,,,,,,,,,,,,,,,,,,,,,,,,,,,
"09/12/2025, 12:45:00",,,,,,,,,,,,,,,,,,,,,,,,,,,,,,,,,,,,,,,,,,,,,,,,,,,,,,,,,,,,,,,,,,,,,,,,,,,,,,
"09/12/2025, 12:46:00",,,,,,,,,,,,,,,,,,,,,,,,,,,,,,,,,,,,,,,,,,,,,,,,,,,,,,,,,,,,,,,,,,,,,,,,,,,,,,
"09/12/2025, 12:47:00",,,,,,,,,,,,,,,,,,,,,,,,,,,,,,,,,,,,,,,,,,,,,,,,,,,,,,,,,,,,,,,,,,,,,,,,,,,,,,
"09/12/2025, 12:47:20",MWX_ELM_GW10002,1,0,0,1765264622,4368,4369,4352,241,273,17,4369,0,0,4096,4352,0,0.1,25,13.5,26752,0,84,57,89,229,0,0,0,0,0,0,0,0,0,0,2762,400,2795,0,0,0,5,0,0,0,0,0,0,0,0,0,0,0,0,0,0,0,405,234,50,406,235,50,404,233,50,0,0,0,0,0,255,17,0,0,100,1
"09/12/2025, 12:48:00",MWX_ELM_GW10001,1,18.4,76.5,1765264667,,,,,,,,,,,,,,,,,,,,,,,,,,,,,,,,,,,,,,,,,,,,,,,,,,,,,,,,,,,,,,,,,,,,,,,,,
"09/12/2025, 12:48:20",MWX_ELM_GW10002,1,0,0,1765264691,4368,4369,4352,241,273,17,4369,0,0,4096,4352,0,0.1,25,13.5,26752,0,84,57,89,229,0,0,0,0,0,0,0,0,0,0,2762,400,2795,0,0,0,5,0,0,0,0,0,0,0,0,0,0,0,0,0,0,0,406,235,50,407,235,50,405,234,50,0,0,0,0,0,255,17,0,0,100,1
"09/12/2025, 12:48:40",MWX_ELM_GW10005,1,0,0,1765264706,4368,4369,4352,241,273,17,4369,1280,0,4096,4352,0,0.1,67,13.2,26753,0,44,54,78,201,0,0,0,0,0,0,0,0,0,0,1132,273,1169,0,0,0,5,0,0,0,0,0,0,0,0,0,0,0,0,0,0,0,403,231,50,402,234,50,402,232,50,0,0,0,0,0,385,7,0,0,100,1
"09/12/2025, 12:49:00",,,,,,,,,,,,,,,,,,,,,,,,,,,,,,,,,,,,,,,,,,,,,,,,,,,,,,,,,,,,,,,,,,,,,,,,,,,,,,
"09/12/2025, 12:50:00",MWX_ELM_GW10004,1,0,0,1765264783,4368,4369,4352,241,273,17,4369,1280,0,4096,4352,0,0.1,39,13.4,26753,0,356,6,85,219,0,0,0,0,0,0,0,0,0,0,6553695,1555,65536319,0,0,0,5,0,0,0,0,0,0,0,0,0,0,0,0,0,0,0,406,234,50,405,235,50,404,233,50,0,0,0,0,0,1127,22,0,0,36,1
"09/12/2025, 12:51:00",MWX_ELM_GW10005,1,0,0,1765264848,4368,4369,4352,241,273,17,4369,1280,0,4096,4352,0,0.1,67,13.2,26753,0,44,54,78,201,0,0,0,0,0,0,0,0,0,0,1132,273,1169,0,0,0,5,0,0,0,0,0,0,0,0,0,0,0,0,0,0,0,401,231,50,401,233,50,401,231,50,0,0,0,0,0,385,7,0,0,100,1
"09/12/2025, 12:51:20",MWX_ELM_GW10001,1,18.4,76.5,1765264869,,,,,,,,,,,,,,,,,,,,,,,,,,,,,,,,,,,,,,,,,,,,,,,,,,,,,,,,,,,,,,,,,,,,,,,,,
"09/12/2025, 12:52:00",MWX_ELM_GW10005,1,0,0,1765264918,4368,4369,4352,241,273,17,4369,1280,0,4096,4352,0,0.1,67,13.2,26753,0,44,54,78,201,0,0,0,0,0,0,0,0,0,0,1132,273,1169,0,0,0,5,0,0,0,0,0,0,0,0,0,0,0,0,0,0,0,403,232,50,402,234,50,403,232,50,0,0,0,0,0,385,7,0,0,100,1
"09/12/2025, 12:52:20",MWX_ELM_GW10003,1,17.6,78.2,1765264929,,,,,,,,,,,,,,,,,,,,,,,,,,,,,,,,,,,,,,,,,,,,,,,,,,,,,,,,,,,,,,,,,,,,,,,,,
"09/12/2025, 12:52:40",MWX_ELM_GW10001,1,18.4,76.5,1765264940,,,,,,,,,,,,,,,,,,,,,,,,,,,,,,,,,,,,,,,,,,,,,,,,,,,,,,,,,,,,,,,,,,,,,,,,,
"09/12/2025, 12:53:00",,,,,,,,,,,,,,,,,,,,,,,,,,,,,,,,,,,,,,,,,,,,,,,,,,,,,,,,,,,,,,,,,,,,,,,,,,,,,,
"09/12/2025, 12:53:20",MWX_ELM_GW10005,1,0,0,1765264989,4368,4369,4352,241,273,17,4369,1280,0,4096,4352,0,0.1,66,13.3,26753,0,44,54,78,201,0,0,0,0,0,0,0,0,0,0,1132,273,1169,0,0,0,5,0,0,0,0,0,0,0,0,0,0,0,0,0,0,0,403,232,50,402,234,50,403,232,50,0,0,0,0,0,385,7,0,0,100,1
"09/12/2025, 12:54:00",MWX_ELM_GW10002,1,0,0,1765265027,4368,4369,4352,241,273,17,4369,0,0,4096,4352,0,0.1,25,13.5,26752,0,84,57,89,229,0,0,0,0,0,0,0,0,0,0,2762,400,2795,0,0,0,5,0,0,0,0,0,0,0,0,0,0,0,0,0,0,0,407,235,50,407,235,50,404,233,50,0,0,0,0,0,255,17,0,0,100,1
"09/12/2025, 12:54:40",MWX_ELM_GW10003,1,17.6,78.2,1765265064,,,,,,,,,,,,,,,,,,,,,,,,,,,,,,,,,,,,,,,,,,,,,,,,,,,,,,,,,,,,,,,,,,,,,,,,,
"09/12/2025, 12:55:00",MWX_ELM_GW10002,1,0,0,1765265097,4368,4369,4352,241,273,17,4369,0,0,4096,4352,0,0.1,25,13.5,26752,0,84,57,89,229,0,0,0,0,0,0,0,0,0,0,2762,400,2795,0,0,0,5,0,0,0,0,0,0,0,0,0,0,0,0,0,0,0,407,235,50,407,235,50,405,234,50,0,0,0,0,0,255,17,0,0,100,1
"09/12/2025, 12:55:40",MWX_ELM_GW10005,1,0,0,1765265130,4368,4369,4352,241,273,17,4369,1280,0,4096,4352,0,0.1,66,13.2,26753,0,44,54,78,200,0,0,0,0,0,0,0,0,0,0,1132,273,1169,0,0,0,5,0,0,0,0,0,0,0,0,0,0,0,0,0,0,0,404,232,50,403,234,50,403,232,50,0,0,0,0,0,385,7,0,0,100,1
"09/12/2025, 12:56:00",MWX_ELM_GW10001,1,18.4,76.5,1765265147,,,,,,,,,,,,,,,,,,,,,,,,,,,,,,,,,,,,,,,,,,,,,,,,,,,,,,,,,,,,,,,,,,,,,,,,,
"09/12/2025, 12:57:00",MWX_ELM_GW10001,1,18.4,76.5,1765265217,,,,,,,,,,,,,,,,,,,,,,,,,,,,,,,,,,,,,,,,,,,,,,,,,,,,,,,,,,,,,,,,,,,,,,,,,
"09/12/2025, 12:57:40",MWX_ELM_GW10005,1,0,0,1765265255,4368,4369,4352,241,273,17,4369,1280,0,4096,4352,0,0.1,66,13.3,26753,0,44,54,78,201,0,0,0,0,0,0,0,0,0,0,1132,273,1169,0,0,0,5,0,0,0,0,0,0,0,0,0,0,0,0,0,0,0,404,232,50,403,234,50,403,232,50,0,0,0,0,0,385,7,0,0,100,1
"09/12/2025, 12:58:00",MWX_ELM_GW10004,1,0,0,1765265271,4368,4369,4352,241,273,17,4369,1280,0,4096,4352,0,0.1,39,13.3,26753,0,356,6,85,219,0,0,0,0,0,0,0,0,0,0,6553695,1555,65536319,0,0,0,5,0,0,0,0,0,0,0,0,0,0,0,0,0,0,0,401,231,50,400,232,50,399,230,50,0,0,0,0,0,1127,22,0,0,36,1
"09/12/2025, 12:58:20",MWX_ELM_GW10001,1,18.4,76.5,1765265288,,,,,,,,,,,,,,,,,,,,,,,,,,,,,,,,,,,,,,,,,,,,,,,,,,,,,,,,,,,,,,,,,,,,,,,,,
"09/12/2025, 12:59:00",MWX_ELM_GW10005,1,0,0,1765265326,4368,4369,4352,241,273,17,4369,1280,0,4096,4352,0,0.1,66,13.3,26753,0,44,54,78,201,0,0,0,0,0,0,0,0,0,0,1132,273,1169,0,0,0,5,0,0,0,0,0,0,0,0,0,0,0,0,0,0,0,402,231,50,401,233,50,401,231,50,0,0,0,0,0,385,7,0,0,100,1
"09/12/2025, 12:59:20",MWX_ELM_GW10001,1,18.4,76.5,1765265358,,,,,,,,,,,,,,,,,,,,,,,,,,,,,,,,,,,,,,,,,,,,,,,,,,,,,,,,,,,,,,,,,,,,,,,,,
"09/12/2025, 12:59:40",MWX_ELM_GW10003,1,17.6,78.2,1765265363,,,,,,,,,,,,,,,,,,,,,,,,,,,,,,,,,,,,,,,,,,,,,,,,,,,,,,,,,,,,,,,,,,,,,,,,,
"09/12/2025, 13:00:00",MWX_ELM_GW10005,1,0,0,1765265396,4368,4369,4352,241,273,17,4369,1280,0,4096,4352,0,0.1,65,13.3,26753,0,44,54,78,201,0,0,0,0,0,0,0,0,0,0,1132,273,1169,0,0,0,5,0,0,0,0,0,0,0,0,0,0,0,0,0,0,0,404,232,50.1,403,234,50.1,403,232,50.1,0,0,0,0,0,385,7,0,0,100,1
"09/12/2025, 13:00:20",MWX_ELM_GW10004,1,0,0,1765265413,4368,4369,4352,241,273,17,4369,1280,0,4096,4352,0,0.1,39,13.4,26753,0,356,6,85,219,0,0,0,0,0,0,0,0,0,0,6553695,1555,65536319,0,0,0,5,0,0,0,0,0,0,0,0,0,0,0,0,0,0,0,404,233,50.1,404,234,50.1,403,232,50.1,0,0,0,0,0,1127,22,0,0,36,1
"09/12/2025, 13:00:40",MWX_ELM_GW10001,1,18.4,76.5,1765265429,,,,,,,,,,,,,,,,,,,,,,,,,,,,,,,,,,,,,,,,,,,,,,,,,,,,,,,,,,,,,,,,,,,,,,,,,
"09/12/2025, 13:01:00",,,,,,,,,,,,,,,,,,,,,,,,,,,,,,,,,,,,,,,,,,,,,,,,,,,,,,,,,,,,,,,,,,,,,,,,,,,,,,
"09/12/2025, 13:01:20",MWX_ELM_GW10005,1,0,0,1765265467,4368,4369,4352,241,273,17,4369,1280,0,4096,4352,0,0.1,65,13.2,26753,0,44,54,78,201,0,0,0,0,0,0,0,0,0,0,1132,273,1169,0,0,0,5,0,0,0,0,0,0,0,0,0,0,0,0,0,0,0,404,233,50.1,404,235,50.1,404,232,50.1,0,0,0,0,0,385,7,0,0,100,1
"09/12/2025, 13:01:40",MWX_ELM_GW10001,1,18.4,76.5,1765265499,,,,,,,,,,,,,,,,,,,,,,,,,,,,,,,,,,,,,,,,,,,,,,,,,,,,,,,,,,,,,,,,,,,,,,,,,
"09/12/2025, 13:02:00",MWX_ELM_GW10002,1,0,0,1765265502,4368,4369,4352,241,273,17,4369,0,0,4096,4352,0,0.1,25,13.5,26752,0,84,57,89,229,0,0,0,0,0,0,0,0,0,0,2762,400,2795,0,0,0,5,0,0,0,0,0,0,0,0,0,0,0,0,0,0,0,404,234,50.1,405,234,50.1,404,233,50.1,0,0,0,0,0,255,17,0,0,100,1
"09/12/2025, 13:02:20",MWX_ELM_GW10005,1,0,0,1765265537,4368,4369,4352,241,273,17,4369,1280,0,4096,4352,0,0.1,65,13.2,26753,0,44,54,78,201,0,0,0,0,0,0,0,0,0,0,1132,273,1169,0,0,0,5,0,0,0,0,0,0,0,0,0,0,0,0,0,0,0,401,231,50.1,400,233,50.1,401,231,50.1,0,0,0,0,0,385,7,0,0,100,1
"09/12/2025, 13:03:00",MWX_ELM_GW10003,1,17.6,78.2,1765265569,,,,,,,,,,,,,,,,,,,,,,,,,,,,,,,,,,,,,,,,,,,,,,,,,,,,,,,,,,,,,,,,,,,,,,,,,
"09/12/2025, 13:03:40",MWX_ELM_GW10005,1,0,0,1765265608,4368,4369,4352,241,273,17,4369,1280,0,4096,4352,0,0.1,65,13.2,26753,0,44,54,78,201,0,0,0,0,0,0,0,0,0,0,1132,273,1169,0,0,0,5,0,0,0,0,0,0,0,0,0,0,0,0,0,0,0,400,230,50.1,400,233,50.1,401,231,50.1,0,0,0,0,0,385,7,0,0,100,1
"09/12/2025, 13:04:00",,,,,,,,,,,,,,,,,,,,,,,,,,,,,,,,,,,,,,,,,,,,,,,,,,,,,,,,,,,,,,,,,,,,,,,,,,,,,,
"09/12/2025, 13:05:00",MWX_ELM_GW10004,1,0,0,1765265695,4368,4369,4352,241,273,17,4369,1280,0,4096,4352,0,0.1,38,13.3,26753,0,356,6,85,219,0,0,0,0,0,0,0,0,0,0,6553695,1555,65536319,0,0,0,5,0,0,0,0,0,0,0,0,0,0,0,0,0,0,0,405,233,50,403,234,50,403,232,50,0,0,0,0,0,1127,22,0,0,36,1
"09/12/2025, 13:05:40",MWX_ELM_GW10001,1,18.4,76.5,1765265730,,,,,,,,,,,,,,,,,,,,,,,,,,,,,,,,,,,,,,,,,,,,,,,,,,,,,,,,,,,,,,,,,,,,,,,,,
"09/12/2025, 13:06:00",,,,,,,,,,,,,,,,,,,,,,,,,,,,,,,,,,,,,,,,,,,,,,,,,,,,,,,,,,,,,,,,,,,,,,,,,,,,,,
"09/12/2025, 13:06:20",MWX_ELM_GW10003,1,17.6,78.2,1765265770,,,,,,,,,,,,,,,,,,,,,,,,,,,,,,,,,,,,,,,,,,,,,,,,,,,,,,,,,,,,,,,,,,,,,,,,,
"09/12/2025, 13:07:00",,,,,,,,,,,,,,,,,,,,,,,,,,,,,,,,,,,,,,,,,,,,,,,,,,,,,,,,,,,,,,,,,,,,,,,,,,,,,,
"09/12/2025, 13:07:40",MWX_ELM_GW10002,1,0,0,1765265842,4368,4369,4352,241,273,17,4369,0,0,4096,4352,0,0.1,26,13.5,26752,0,84,57,89,229,0,0,0,0,0,0,0,0,0,0,2762,400,2795,0,0,0,5,0,0,0,0,0,0,0,0,0,0,0,0,0,0,0,405,234,50,406,234,50,405,233,50,0,0,0,0,0,255,17,0,0,100,1
"09/12/2025, 13:08:00",MWX_ELM_GW10001,1,18.4,76.5,1765265871,,,,,,,,,,,,,,,,,,,,,,,,,,,,,,,,,,,,,,,,,,,,,,,,,,,,,,,,,,,,,,,,,,,,,,,,,
"09/12/2025, 13:08:40",MWX_ELM_GW10002,1,0,0,1765265913,4368,4369,4352,241,273,17,4369,0,0,4096,4352,0,0.1,26,13.5,26752,0,84,57,89,229,0,0,0,0,0,0,0,0,0,0,2762,400,2795,0,0,0,5,0,0,0,0,0,0,0,0,0,0,0,0,0,0,0,406,235,50,406,235,50,405,233,50,0,0,0,0,0,255,17,0,0,100,1
"09/12/2025, 13:09:00",MWX_ELM_GW10003,1,17.6,78.2,1765265938,,,,,,,,,,,,,,,,,,,,,,,,,,,,,,,,,,,,,,,,,,,,,,,,,,,,,,,,,,,,,,,,,,,,,,,,,
"09/12/2025, 13:10:00",,,,,,,,,,,,,,,,,,,,,,,,,,,,,,,,,,,,,,,,,,,,,,,,,,,,,,,,,,,,,,,,,,,,,,,,,,,,,,
"09/12/2025, 13:10:40",MWX_ELM_GW10004,1,0,0,1765266028,4368,4369,4352,241,273,17,4369,1280,0,4096,4352,0,0.1,38,13.4,26753,0,356,6,85,219,0,0,0,0,0,0,0,0,0,0,6553695,1555,65536319,0,0,0,5,0,0,0,0,0,0,0,0,0,0,0,0,0,0,0,403,233,49.9,402,233,49.9,402,232,50,0,0,0,0,0,1127,22,0,0,36,1
"09/12/2025, 13:11:00",MWX_ELM_GW10002,1,0,0,1765266052,4368,4369,4352,241,273,17,4369,0,0,4096,4352,0,0.1,26,13.5,26752,0,84,57,89,229,0,0,0,0,0,0,0,0,0,0,2762,400,2795,0,0,0,5,0,0,0,0,0,0,0,0,0,0,0,0,0,0,0,405,234,49.9,405,234,49.9,403,233,49.9,0,0,0,0,0,255,17,0,0,100,1
"09/12/2025, 13:11:20",MWX_ELM_GW10005,1,0,0,1765266063,4368,4369,4352,241,273,17,4369,1280,0,4096,4352,0,0.1,64,13.2,26753,0,44,54,78,201,0,0,0,0,0,0,0,0,0,0,1132,273,1169,0,0,0,5,0,0,0,0,0,0,0,0,0,0,0,0,0,0,0,401,231,49.9,400,233,49.9,401,231,49.9,0,0,0,0,0,385,7,0,0,100,1
"09/12/2025, 13:11:40",MWX_ELM_GW10004,1,0,0,1765266099,4368,4369,4352,241,273,17,4369,1280,0,4096,4352,0,0.1,38,13.3,26753,0,356,6,85,219,0,0,0,0,0,0,0,0,0,0,6553695,1555,65536319,0,0,0,5,0,0,0,0,0,0,0,0,0,0,0,0,0,0,0,403,233,49.9,403,233,49.9,402,232,49.9,0,0,0,0,0,1127,22,0,0,36,1
"09/12/2025, 13:12:00",,,,,,,,,,,,,,,,,,,,,,,,,,,,,,,,,,,,,,,,,,,,,,,,,,,,,,,,,,,,,,,,,,,,,,,,,,,,,,
"09/12/2025, 13:12:20",MWX_ELM_GW10005,1,0,0,1765266133,4368,4369,4352,241,273,17,4369,1280,0,4096,4352,0,0.1,63,13.2,26753,0,44,54,78,201,0,0,0,0,0,0,0,0,0,0,1132,273,1169,0,0,0,5,0,0,0,0,0,0,0,0,0,0,0,0,0,0,0,401,231,49.9,401,233,49.9,401,231,49.9,0,0,0,0,0,385,7,0,0,100,1
"09/12/2025, 13:12:40",MWX_ELM_GW10003,1,17.6,78.2,1765266155,,,,,,,,,,,,,,,,,,,,,,,,,,,,,,,,,,,,,,,,,,,,,,,,,,,,,,,,,,,,,,,,,,,,,,,,,
"09/12/2025, 13:13:00",,,,,,,,,,,,,,,,,,,,,,,,,,,,,,,,,,,,,,,,,,,,,,,,,,,,,,,,,,,,,,,,,,,,,,,,,,,,,,
"09/12/2025, 13:14:00",,,,,,,,,,,,,,,,,,,,,,,,,,,,,,,,,,,,,,,,,,,,,,,,,,,,,,,,,,,,,,,,,,,,,,,,,,,,,,
"09/12/2025, 13:15:00",,,,,,,,,,,,,,,,,,,,,,,,,,,,,,,,,,,,,,,,,,,,,,,,,,,,,,,,,,,,,,,,,,,,,,,,,,,,,,
"09/12/2025, 13:15:20",MWX_ELM_GW10003,1,17.6,78.2,1765266316,,,,,,,,,,,,,,,,,,,,,,,,,,,,,,,,,,,,,,,,,,,,,,,,,,,,,,,,,,,,,,,,,,,,,,,,,
"09/12/2025, 13:15:40",MWX_ELM_GW10005,1,0,0,1765266335,4368,4369,4352,241,273,17,4369,1280,0,4096,4352,0,0.1,63,13.2,26753,0,44,54,78,201,0,0,0,0,0,0,0,0,0,0,1132,273,1169,0,0,0,5,0,0,0,0,0,0,0,0,0,0,0,0,0,0,0,402,231,50,401,233,50,401,231,49.9,0,0,0,0,0,385,7,0,0,100,1
"09/12/2025, 13:16:00",MWX_ELM_GW10001,1,18.4,76.5,1765266347,,,,,,,,,,,,,,,,,,,,,,,,,,,,,,,,,,,,,,,,,,,,,,,,,,,,,,,,,,,,,,,,,,,,,,,,,
"09/12/2025, 13:16:40",MWX_ELM_GW10003,1,17.6,78.2,1765266387,,,,,,,,,,,,,,,,,,,,,,,,,,,,,,,,,,,,,,,,,,,,,,,,,,,,,,,,,,,,,,,,,,,,,,,,,
"09/12/2025, 13:17:00",MWX_ELM_GW10002,1,0,0,1765266418,4368,4369,4352,241,273,17,4369,0,0,4096,4352,0,0.1,26,13.5,26752,0,84,57,89,229,0,0,0,0,0,0,0,0,0,0,2762,400,2795,0,0,0,5,0,0,0,0,0,0,0,0,0,0,0,0,0,0,0,406,235,50,406,234,50,405,233,50,0,0,0,0,0,255,17,0,0,100,1
"09/12/2025, 13:17:40",MWX_ELM_GW10004,1,0,0,1765266448,4368,4369,4352,241,273,17,4369,1280,0,4096,4352,0,0.1,38,13.4,26753,0,356,6,85,219,0,0,0,0,0,0,0,0,0,0,6553695,1555,65536319,0,0,0,5,0,0,0,0,0,0,0,0,0,0,0,0,0,0,0,404,233,50.1,403,234,50,402,232,50.1,0,0,0,0,0,1127,22,0,0,36,1
"09/12/2025, 13:18:00",,,,,,,,,,,,,,,,,,,,,,,,,,,,,,,,,,,,,,,,,,,,,,,,,,,,,,,,,,,,,,,,,,,,,,,,,,,,,,
"09/12/2025, 13:18:20",MWX_ELM_GW10002,1,0,0,1765266488,4368,4369,4352,241,273,17,4369,0,0,4096,4352,0,0.1,26,13.5,26752,0,84,57,89,229,0,0,0,0,0,0,0,0,0,0,2762,400,2795,0,0,0,5,0,0,0,0,0,0,0,0,0,0,0,0,0,0,0,404,233,50,404,233,50.1,402,232,50,0,0,0,0,0,255,17,0,0,100,1
"09/12/2025, 13:18:40",MWX_ELM_GW10004,1,0,0,1765266519,4368,4369,4352,241,273,17,4369,1280,0,4096,4352,0,0.1,38,13.3,26753,0,356,6,85,219,0,0,0,0,0,0,0,0,0,0,6553695,1555,65536319,0,0,0,5,0,0,0,0,0,0,0,0,0,0,0,0,0,0,0,403,233,50,403,233,50,402,232,50,0,0,0,0,0,1127,22,0,0,36,1
"09/12/2025, 13:19:00",,,,,,,,,,,,,,,,,,,,,,,,,,,,,,,,,,,,,,,,,,,,,,,,,,,,,,,,,,,,,,,,,,,,,,,,,,,,,,
"09/12/2025, 13:19:20",MWX_ELM_GW10002,1,0,0,1765266558,4368,4369,4352,241,273,17,4369,0,0,4096,4352,0,0.1,26,13.5,26752,0,84,57,89,229,0,0,0,0,0,0,0,0,0,0,2762,400,2795,0,0,0,5,0,0,0,0,0,0,0,0,0,0,0,0,0,0,0,404,233,50,404,233,50,402,232,50,0,0,0,0,0,255,17,0,0,100,1
"09/12/2025, 13:20:00",,,,,,,,,,,,,,,,,,,,,,,,,,,,,,,,,,,,,,,,,,,,,,,,,,,,,,,,,,,,,,,,,,,,,,,,,,,,,,
"09/12/2025, 13:20:20",MWX_ELM_GW10001,1,18.4,76.5,1765266619,,,,,,,,,,,,,,,,,,,,,,,,,,,,,,,,,,,,,,,,,,,,,,,,,,,,,,,,,,,,,,,,,,,,,,,,,
"09/12/2025, 13:21:00",,,,,,,,,,,,,,,,,,,,,,,,,,,,,,,,,,,,,,,,,,,,,,,,,,,,,,,,,,,,,,,,,,,,,,,,,,,,,,
"09/12/2025, 13:21:20",MWX_ELM_GW10003,1,17.6,78.2,1765266672,,,,,,,,,,,,,,,,,,,,,,,,,,,,,,,,,,,,,,,,,,,,,,,,,,,,,,,,,,,,,,,,,,,,,,,,,
"09/12/2025, 13:21:40",MWX_ELM_GW10005,1,0,0,1765266692,4368,4369,4352,241,273,17,4369,1280,0,4096,4352,0,0.1,62,13.2,26753,0,44,54,78,201,0,0,0,0,0,0,0,0,0,0,1132,273,1169,0,0,0,5,0,0,0,0,0,0,0,0,0,0,0,0,0,0,0,402,232,50,402,233,49.9,402,231,50,0,0,0,0,0,385,7,0,0,100,1
"09/12/2025, 13:22:00",,,,,,,,,,,,,,,,,,,,,,,,,,,,,,,,,,,,,,,,,,,,,,,,,,,,,,,,,,,,,,,,,,,,,,,,,,,,,,
"09/12/2025, 13:22:40",MWX_ELM_GW10001,1,18.4,76.5,1765266755,,,,,,,,,,,,,,,,,,,,,,,,,,,,,,,,,,,,,,,,,,,,,,,,,,,,,,,,,,,,,,,,,,,,,,,,,
"09/12/2025, 13:23:00",MWX_ELM_GW10005,1,0,0,1765266763,4368,4369,4352,241,273,17,4369,1280,0,4096,4352,0,0.1,62,13.2,26753,0,44,54,78,201,0,0,0,0,0,0,0,0,0,0,1132,273,1169,0,0,0,5,0,0,0,0,0,0,0,0,0,0,0,0,0,0,0,402,232,49.9,402,234,49.9,402,231,49.9,0,0,0,0,0,385,7,0,0,100,1
"09/12/2025, 13:23:40",MWX_ELM_GW10003,1,17.6,78.2,1765266802,,,,,,,,,,,,,,,,,,,,,,,,,,,,,,,,,,,,,,,,,,,,,,,,,,,,,,,,,,,,,,,,,,,,,,,,,
"09/12/2025, 13:24:00",MWX_ELM_GW10005,1,0,0,1765266834,4368,4369,4352,241,273,17,4369,1280,0,4096,4352,0,0.1,62,13.2,26753,0,44,54,78,201,0,0,0,0,0,0,0,0,0,0,1132,273,1169,0,0,0,5,0,0,0,0,0,0,0,0,0,0,0,0,0,0,0,402,231,49.9,402,234,49.9,402,231,49.9,0,0,0,0,0,385,7,0,0,100,1
"09/12/2025, 13:24:20",MWX_ELM_GW10002,1,0,0,1765266853,4368,4369,4352,241,273,17,4369,0,0,4096,4352,0,0.1,26,13.5,26752,0,84,57,89,229,0,0,0,0,0,0,0,0,0,0,2762,400,2795,0,0,0,5,0,0,0,0,0,0,0,0,0,0,0,0,0,0,0,403,233,49.9,404,233,49.9,402,232,49.9,0,0,0,0,0,255,17,0,0,100,1
"09/12/2025, 13:25:00",MWX_ELM_GW10001,1,18.4,76.5,1765266896,,,,,,,,,,,,,,,,,,,,,,,,,,,,,,,,,,,,,,,,,,,,,,,,,,,,,,,,,,,,,,,,,,,,,,,,,
"09/12/2025, 13:25:20",MWX_ELM_GW10005,1,0,0,1765266905,4368,4369,4352,241,273,17,4369,1280,0,4096,4352,0,0.1,61,13.2,26753,0,44,54,78,200,0,0,0,0,0,0,0,0,0,0,1132,273,1169,0,0,0,5,0,0,0,0,0,0,0,0,0,0,0,0,0,0,0,402,231,49.9,402,233,49.9,402,231,49.9,0,0,0,0,0,385,7,0,0,100,1
"09/12/2025, 13:26:00",MWX_ELM_GW10004,1,0,0,1765266943,4368,4369,4352,241,273,17,4369,1280,0,4096,4352,0,0.1,37,13.4,26753,0,356,6,85,219,0,0,0,0,0,0,0,0,0,0,6553695,1555,65536319,0,0,0,5,0,0,0,0,0,0,0,0,0,0,0,0,0,0,0,403,232,50,402,233,50,401,231,50,0,0,0,0,0,1127,22,0,0,36,1
"09/12/2025, 13:26:20",MWX_ELM_GW10002,1,0,0,1765266977,4368,4369,4352,241,273,17,4369,0,0,4096,4352,0,0.1,26,13.5,26752,0,84,57,89,229,0,0,0,0,0,0,0,0,0,0,2762,400,2795,0,0,0,5,0,0,0,0,0,0,0,0,0,0,0,0,0,0,0,403,233,50,403,233,49.9,402,231,50,0,0,0,0,0,255,17,0,0,100,1
"09/12/2025, 13:27:00",MWX_ELM_GW10003,1,17.6,78.2,1765267017,,,,,,,,,,,,,,,,,,,,,,,,,,,,,,,,,,,,,,,,,,,,,,,,,,,,,,,,,,,,,,,,,,,,,,,,,
"09/12/2025, 13:27:20",MWX_ELM_GW10003,1,17.6,78.2,1765267028,,,,,,,,,,,,,,,,,,,,,,,,,,,,,,,,,,,,,,,,,,,,,,,,,,,,,,,,,,,,,,,,,,,,,,,,,
"09/12/2025, 13:28:00",,,,,,,,,,,,,,,,,,,,,,,,,,,,,,,,,,,,,,,,,,,,,,,,,,,,,,,,,,,,,,,,,,,,,,,,,,,,,,
"09/12/2025, 13:28:20",MWX_ELM_GW10004,1,0,0,1765267085,4368,4369,4352,241,273,17,4369,1280,0,4096,4352,0,0.1,37,13.4,26753,0,356,6,85,219,0,0,0,0,0,0,0,0,0,0,6553695,1555,65536319,0,0,0,5,0,0,0,0,0,0,0,0,0,0,0,0,0,0,0,402,232,49.9,402,233,49.9,401,231,49.9,0,0,0,0,0,1127,22,0,0,36,1
"09/12/2025, 13:29:00",,,,,,,,,,,,,,,,,,,,,,,,,,,,,,,,,,,,,,,,,,,,,,,,,,,,,,,,,,,,,,,,,,,,,,,,,,,,,,
"09/12/2025, 13:29:20",MWX_ELM_GW10003,1,17.6,78.2,1765267152,,,,,,,,,,,,,,,,,,,,,,,,,,,,,,,,,,,,,,,,,,,,,,,,,,,,,,,,,,,,,,,,,,,,,,,,,
"09/12/2025, 13:29:40",MWX_ELM_GW10001,1,18.4,76.5,1765267172,,,,,,,,,,,,,,,,,,,,,,,,,,,,,,,,,,,,,,,,,,,,,,,,,,,,,,,,,,,,,,,,,,,,,,,,,
"09/12/2025, 13:30:00",,,,,,,,,,,,,,,,,,,,,,,,,,,,,,,,,,,,,,,,,,,,,,,,,,,,,,,,,,,,,,,,,,,,,,,,,,,,,,
"09/12/2025, 13:31:00",,,,,,,,,,,,,,,,,,,,,,,,,,,,,,,,,,,,,,,,,,,,,,,,,,,,,,,,,,,,,,,,,,,,,,,,,,,,,,
"09/12/2025, 13:31:40",MWX_ELM_GW10001,1,18.4,76.5,1765267297,,,,,,,,,,,,,,,,,,,,,,,,,,,,,,,,,,,,,,,,,,,,,,,,,,,,,,,,,,,,,,,,,,,,,,,,,
"09/12/2025, 13:32:00",,,,,,,,,,,,,,,,,,,,,,,,,,,,,,,,,,,,,,,,,,,,,,,,,,,,,,,,,,,,,,,,,,,,,,,,,,,,,,
"09/12/2025, 13:32:40",MWX_ELM_GW10002,1,0,0,1765267343,4368,4369,4352,241,273,17,4369,0,0,4096,4352,0,0.1,26,13.5,26752,0,84,57,89,229,0,0,0,0,0,0,0,0,0,0,2762,400,2795,0,0,0,5,0,0,0,0,0,0,0,0,0,0,0,0,0,0,0,403,233,50,403,233,50,401,231,49.9,0,0,0,0,0,255,17,0,0,100,1
"09/12/2025, 13:33:00",MWX_ELM_GW10003,1,17.6,78.2,1765267363,,,,,,,,,,,,,,,,,,,,,,,,,,,,,,,,,,,,,,,,,,,,,,,,,,,,,,,,,,,,,,,,,,,,,,,,,
"09/12/2025, 13:33:40",MWX_ELM_GW10002,1,0,0,1765267413,4368,4369,4352,241,273,17,4369,0,0,4096,4352,0,0.1,26,13.5,26752,0,84,57,89,229,0,0,0,0,0,0,0,0,0,0,2762,400,2795,0,0,0,5,0,0,0,0,0,0,0,0,0,0,0,0,0,0,0,403,233,49.9,403,233,49.9,401,231,49.9,0,0,0,0,0,255,17,0,0,100,1
"09/12/2025, 13:34:00",MWX_ELM_GW10004,1,0,0,1765267433,4368,4369,4352,241,273,17,4369,1280,0,4096,4352,0,0.1,37,13.3,26753,0,356,6,85,219,0,0,0,0,0,0,0,0,0,0,6553695,1555,65536319,0,0,0,5,0,0,0,0,0,0,0,0,0,0,0,0,0,0,0,403,233,49.9,402,233,49.9,402,231,49.9,0,0,0,0,0,1127,22,0,0,36,1
"09/12/2025, 13:34:40",MWX_ELM_GW10004,1,0,0,1765267465,4368,4369,4352,241,273,17,4369,1280,0,4096,4352,0,0.1,37,13.3,26753,0,356,6,85,219,0,0,0,0,0,0,0,0,0,0,6553695,1555,65536319,0,0,0,5,0,0,0,0,0,0,0,0,0,0,0,0,0,0,0,403,233,49.9,402,233,49.9,402,231,49.9,0,0,0,0,0,1127,22,0,0,36,1
"09/12/2025, 13:35:00",MWX_ELM_GW10002,1,0,0,1765267483,4368,4369,4352,241,273,17,4369,0,0,4096,4352,0,0.1,26,13.5,26752,0,84,57,89,229,0,0,0,0,0,0,0,0,0,0,2762,400,2795,0,0,0,5,0,0,0,0,0,0,0,0,0,0,0,0,0,0,0,403,233,49.9,403,233,49.9,401,231,49.9,0,0,0,0,0,255,17,0,0,100,1
"09/12/2025, 13:36:00",MWX_ELM_GW10005,1,0,0,1765267541,4368,4369,4352,241,273,17,4369,1280,0,4096,4352,0,0.1,60,13.3,26753,0,44,54,78,201,0,0,0,0,0,0,0,0,0,0,1132,273,1169,0,0,0,5,0,0,0,0,0,0,0,0,0,0,0,0,0,0,0,403,232,49.9,401,233,49.9,402,231,49.9,0,0,0,0,0,385,7,0,0,100,1
"09/12/2025, 13:36:20",MWX_ELM_GW10003,1,17.6,78.2,1765267573,,,,,,,,,,,,,,,,,,,,,,,,,,,,,,,,,,,,,,,,,,,,,,,,,,,,,,,,,,,,,,,,,,,,,,,,,
"09/12/2025, 13:37:00",MWX_ELM_GW10005,1,0,0,1765267611,4368,4369,4352,241,273,17,4369,1280,0,4096,4352,0,0.1,60,13.3,26753,0,44,54,78,201,0,0,0,0,0,0,0,0,0,0,1132,273,1169,0,0,0,5,0,0,0,0,0,0,0,0,0,0,0,0,0,0,0,402,231,49.9,401,233,49.9,402,231,49.9,0,0,0,0,0,385,7,0,0,100,1
"09/12/2025, 13:37:20",MWX_ELM_GW10002,1,0,0,1765267628,4368,4369,4352,241,273,17,4369,0,0,4096,4352,0,0.1,26,13.5,26752,0,84,57,89,229,0,0,0,0,0,0,0,0,0,0,2762,400,2795,0,0,0,5,0,0,0,0,0,0,0,0,0,0,0,0,0,0,0,404,233,49.9,403,233,49.9,402,231,49.9,0,0,0,0,0,255,17,0,0,100,1
"09/12/2025, 13:37:40",MWX_ELM_GW10003,1,17.6,78.2,1765267643,,,,,,,,,,,,,,,,,,,,,,,,,,,,,,,,,,,,,,,,,,,,,,,,,,,,,,,,,,,,,,,,,,,,,,,,,
"09/12/2025, 13:38:00",,,,,,,,,,,,,,,,,,,,,,,,,,,,,,,,,,,,,,,,,,,,,,,,,,,,,,,,,,,,,,,,,,,,,,,,,,,,,,
"09/12/2025, 13:38:40",MWX_ELM_GW10003,1,17.6,78.2,1765267713,,,,,,,,,,,,,,,,,,,,,,,,,,,,,,,,,,,,,,,,,,,,,,,,,,,,,,,,,,,,,,,,,,,,,,,,,
"09/12/2025, 13:39:00",,,,,,,,,,,,,,,,,,,,,,,,,,,,,,,,,,,,,,,,,,,,,,,,,,,,,,,,,,,,,,,,,,,,,,,,,,,,,,
"09/12/2025, 13:40:00",,,,,,,,,,,,,,,,,,,,,,,,,,,,,,,,,,,,,,,,,,,,,,,,,,,,,,,,,,,,,,,,,,,,,,,,,,,,,,
"09/12/2025, 13:41:00",MWX_ELM_GW10003,1,17.6,78.2,1765267853,,,,,,,,,,,,,,,,,,,,,,,,,,,,,,,,,,,,,,,,,,,,,,,,,,,,,,,,,,,,,,,,,,,,,,,,,
"09/12/2025, 13:42:00",MWX_ELM_GW10001,1,18.4,76.5,1765267911,,,,,,,,,,,,,,,,,,,,,,,,,,,,,,,,,,,,,,,,,,,,,,,,,,,,,,,,,,,,,,,,,,,,,,,,,
"09/12/2025, 13:42:40",MWX_ELM_GW10002,1,0,0,1765267953,4368,4369,4352,241,273,17,4369,0,0,4096,4352,0,0.1,26,13.5,26752,0,84,57,89,229,0,0,0,0,0,0,0,0,0,0,2762,400,2795,0,0,0,5,0,0,0,0,0,0,0,0,0,0,0,0,0,0,0,406,234,49.9,406,235,49.9,403,233,49.9,0,0,0,0,0,255,17,0,0,100,1
"09/12/2025, 13:43:00",,,,,,,,,,,,,,,,,,,,,,,,,,,,,,,,,,,,,,,,,,,,,,,,,,,,,,,,,,,,,,,,,,,,,,,,,,,,,,
"09/12/2025, 13:43:20",MWX_ELM_GW10003,1,17.6,78.2,1765267989,,,,,,,,,,,,,,,,,,,,,,,,,,,,,,,,,,,,,,,,,,,,,,,,,,,,,,,,,,,,,,,,,,,,,,,,,
"09/12/2025, 13:44:00",,,,,,,,,,,,,,,,,,,,,,,,,,,,,,,,,,,,,,,,,,,,,,,,,,,,,,,,,,,,,,,,,,,,,,,,,,,,,,
"09/12/2025, 13:44:20",MWX_ELM_GW10003,1,17.6,78.2,1765268059,,,,,,,,,,,,,,,,,,,,,,,,,,,,,,,,,,,,,,,,,,,,,,,,,,,,,,,,,,,,,,,,,,,,,,,,,
"09/12/2025, 13:45:00",MWX_ELM_GW10004,1,0,0,1765268081,4368,4369,4352,241,273,17,4369,1280,0,4096,4352,0,0.1,36,13.4,26753,0,356,6,85,219,0,0,0,0,0,0,0,0,0,0,6553695,1555,65536319,0,0,0,5,0,0,0,0,0,0,0,0,0,0,0,0,0,0,0,402,232,49.9,401,233,49.9,402,231,49.9,0,0,0,0,0,1127,22,0,0,36,1
"09/12/2025, 13:45:20",MWX_ELM_GW10005,1,0,0,1765268117,4368,4369,4352,241,273,17,4369,1280,0,4096,4352,0,0.1,59,13.2,26753,0,44,54,78,201,0,0,0,0,0,0,0,0,0,0,1132,273,1169,0,0,0,5,0,0,0,0,0,0,0,0,0,0,0,0,0,0,0,402,231,49.9,401,233,49.9,401,231,49.9,0,0,0,0,0,385,7,0,0,100,1
"09/12/2025, 13:46:00",MWX_ELM_GW10004,1,0,0,1765268153,4368,4369,4352,241,273,17,4369,1280,0,4096,4352,0,0.1,36,13.4,26753,0,356,6,85,219,0,0,0,0,0,0,0,0,0,0,6553695,1555,65536319,0,0,0,5,0,0,0,0,0,0,0,0,0,0,0,0,0,0,0,403,232,49.9,402,233,49.9,401,231,49.9,0,0,0,0,0,1127,22,0,0,36,1
"09/12/2025, 13:46:20",MWX_ELM_GW10002,1,0,0,1765268163,4368,4369,4352,241,273,17,4369,0,0,4096,4352,0,0.1,26,13.5,26752,0,84,57,89,229,0,0,0,0,0,0,0,0,0,0,2762,400,2795,0,0,0,5,0,0,0,0,0,0,0,0,0,0,0,0,0,0,0,405,234,49.9,406,234,49.9,404,233,49.9,0,0,0,0,0,255,17,0,0,100,1
"09/12/2025, 13:46:40",MWX_ELM_GW10003,1,17.6,78.2,1765268199,,,,,,,,,,,,,,,,,,,,,,,,,,,,,,,,,,,,,,,,,,,,,,,,,,,,,,,,,,,,,,,,,,,,,,,,,
"09/12/2025, 13:47:00",,,,,,,,,,,,,,,,,,,,,,,,,,,,,,,,,,,,,,,,,,,,,,,,,,,,,,,,,,,,,,,,,,,,,,,,,,,,,,
"09/12/2025, 13:47:20",MWX_ELM_GW10002,1,0,0,1765268233,4368,4369,4352,241,273,17,4369,0,0,4096,4352,0,0.1,26,13.5,26752,0,84,57,89,229,0,0,0,0,0,0,0,0,0,0,2762,400,2795,0,0,0,5,0,0,0,0,0,0,0,0,0,0,0,0,0,0,0,405,234,49.9,405,234,50,403,233,50,0,0,0,0,0,255,17,0,0,100,1
"09/12/2025, 13:48:00",,,,,,,,,,,,,,,,,,,,,,,,,,,,,,,,,,,,,,,,,,,,,,,,,,,,,,,,,,,,,,,,,,,,,,,,,,,,,,
"09/12/2025, 13:48:20",MWX_ELM_GW10004,1,0,0,1765268295,4368,4369,4352,241,273,17,4369,1280,0,4096,4352,0,0.1,36,13.4,26753,0,356,6,85,219,0,0,0,0,0,0,0,0,0,0,6553695,1555,65536319,0,0,0,5,0,0,0,0,0,0,0,0,0,0,0,0,0,0,0,403,232,49.9,402,233,49.9,401,231,49.9,0,0,0,0,0,1127,22,0,0,36,1
"09/12/2025, 13:48:40",MWX_ELM_GW10002,1,0,0,1765268304,4368,4369,4352,241,273,17,4369,0,0,4096,4352,0,0.1,26,13.5,26752,0,84,57,89,229,0,0,0,0,0,0,0,0,0,0,2762,400,2795,0,0,0,5,0,0,0,0,0,0,0,0,0,0,0,0,0,0,0,405,234,49.9,406,234,49.9,403,233,49.9,0,0,0,0,0,255,17,0,0,100,1
"09/12/2025, 13:49:00",MWX_ELM_GW10003,1,17.6,78.2,1765268323,,,,,,,,,,,,,,,,,,,,,,,,,,,,,,,,,,,,,,,,,,,,,,,,,,,,,,,,,,,,,,,,,,,,,,,,,
"09/12/2025, 13:49:40",MWX_ELM_GW10002,1,0,0,1765268374,4368,4369,4352,241,273,17,4369,0,0,4096,4352,0,0.1,26,13.5,26752,0,84,57,89,229,0,0,0,0,0,0,0,0,0,0,2762,400,2795,0,0,0,5,0,0,0,0,0,0,0,0,0,0,0,0,0,0,0,405,234,49.9,405,234,49.9,403,233,49.9,0,0,0,0,0,255,17,0,0,100,1
"09/12/2025, 13:50:00",,,,,,,,,,,,,,,,,,,,,,,,,,,,,,,,,,,,,,,,,,,,,,,,,,,,,,,,,,,,,,,,,,,,,,,,,,,,,,
"09/12/2025, 13:50:20",MWX_ELM_GW10005,1,0,0,1765268404,4368,4369,4352,241,273,17,4369,1280,0,4096,4352,0,0.1,58,13.2,26753,0,44,54,78,201,0,0,0,0,0,0,0,0,0,0,1132,273,1169,0,0,0,5,0,0,0,0,0,0,0,0,0,0,0,0,0,0,0,402,232,49.9,402,233,49.9,402,231,49.9,0,0,0,0,0,385,7,0,0,100,1
"09/12/2025, 13:50:40",MWX_ELM_GW10004,1,0,0,1765268439,4368,4369,4352,241,273,17,4369,1280,0,4096,4352,0,0.1,36,13.4,26753,0,356,6,85,219,0,0,0,0,0,0,0,0,0,0,6553695,1555,65536319,0,0,0,5,0,0,0,0,0,0,0,0,0,0,0,0,0,0,0,403,232,49.9,402,233,49.9,401,231,49.9,0,0,0,0,0,1127,22,0,0,36,1
"09/12/2025, 13:51:00",,,,,,,,,,,,,,,,,,,,,,,,,,,,,,,,,,,,,,,,,,,,,,,,,,,,,,,,,,,,,,,,,,,,,,,,,,,,,,
"09/12/2025, 13:52:00",,,,,,,,,,,,,,,,,,,,,,,,,,,,,,,,,,,,,,,,,,,,,,,,,,,,,,,,,,,,,,,,,,,,,,,,,,,,,,
"09/12/2025, 13:53:00",,,,,,,,,,,,,,,,,,,,,,,,,,,,,,,,,,,,,,,,,,,,,,,,,,,,,,,,,,,,,,,,,,,,,,,,,,,,,,
"09/12/2025, 13:53:20",MWX_ELM_GW10004,1,0,0,1765268582,4368,4369,4352,241,273,17,4369,1280,0,4096,4352,0,0.1,36,13.3,26753,0,356,6,85,219,0,0,0,0,0,0,0,0,0,0,6553695,1555,65536319,0,0,0,5,0,0,0,0,0,0,0,0,0,0,0,0,0,0,0,402,232,49.9,401,232,49.9,401,231,49.9,0,0,0,0,0,1127,22,0,0,36,1
"09/12/2025, 13:53:40",MWX_ELM_GW10001,1,18.4,76.5,1765268607,,,,,,,,,,,,,,,,,,,,,,,,,,,,,,,,,,,,,,,,,,,,,,,,,,,,,,,,,,,,,,,,,,,,,,,,,
"09/12/2025, 13:54:00",,,,,,,,,,,,,,,,,,,,,,,,,,,,,,,,,,,,,,,,,,,,,,,,,,,,,,,,,,,,,,,,,,,,,,,,,,,,,,
"09/12/2025, 13:54:20",MWX_ELM_GW10003,1,17.6,78.2,1765268654,,,,,,,,,,,,,,,,,,,,,,,,,,,,,,,,,,,,,,,,,,,,,,,,,,,,,,,,,,,,,,,,,,,,,,,,,
"09/12/2025, 13:54:40",MWX_ELM_GW10002,1,0,0,1765268678,4368,4369,4352,241,273,17,4369,0,0,4096,4352,0,0.1,26,13.5,26752,0,84,57,89,229,0,0,0,0,0,0,0,0,0,0,2762,400,2795,0,0,0,5,0,0,0,0,0,0,0,0,0,0,0,0,0,0,0,405,234,49.9,405,234,49.9,403,232,49.9,0,0,0,0,0,255,17,0,0,100,1
"09/12/2025, 13:55:00",,,,,,,,,,,,,,,,,,,,,,,,,,,,,,,,,,,,,,,,,,,,,,,,,,,,,,,,,,,,,,,,,,,,,,,,,,,,,,
"09/12/2025, 13:55:20",MWX_ELM_GW10004,1,0,0,1765268709,4368,4369,4352,241,273,17,4369,1280,0,4096,4352,0,0.1,36,13.4,26753,0,356,6,85,219,0,0,0,0,0,0,0,0,0,0,6553695,1555,65536319,0,0,0,5,0,0,0,0,0,0,0,0,0,0,0,0,0,0,0,402,232,49.9,402,233,49.9,401,231,49.9,0,0,0,0,0,1127,22,0,0,36,1
"09/12/2025, 13:55:40",MWX_ELM_GW10003,1,17.6,78.2,1765268724,,,,,,,,,,,,,,,,,,,,,,,,,,,,,,,,,,,,,,,,,,,,,,,,,,,,,,,,,,,,,,,,,,,,,,,,,
"09/12/2025, 13:56:00",,,,,,,,,,,,,,,,,,,,,,,,,,,,,,,,,,,,,,,,,,,,,,,,,,,,,,,,,,,,,,,,,,,,,,,,,,,,,,
"09/12/2025, 13:56:20",MWX_ELM_GW10004,1,0,0,1765268779,4368,4369,4352,241,273,17,4369,1280,0,4096,4352,0,0.1,36,13.3,26753,0,356,6,85,219,0,0,0,0,0,0,0,0,0,0,6553695,1555,65536319,0,0,0,5,0,0,0,0,0,0,0,0,0,0,0,0,0,0,0,402,232,50,402,233,50,401,231,50,0,0,0,0,0,1127,22,0,0,36,1
"09/12/2025, 13:56:40",MWX_ELM_GW10003,1,17.6,78.2,1765268794,,,,,,,,,,,,,,,,,,,,,,,,,,,,,,,,,,,,,,,,,,,,,,,,,,,,,,,,,,,,,,,,,,,,,,,,,
"09/12/2025, 13:57:00",MWX_ELM_GW10002,1,0,0,1765268813,4368,4369,4352,241,273,17,4369,0,0,4096,4352,0,0.1,26,13.5,26752,0,84,57,89,229,0,0,0,0,0,0,0,0,0,0,2762,400,2795,0,0,0,5,0,0,0,0,0,0,0,0,0,0,0,0,0,0,0,406,234,50,406,234,50,404,233,50,0,0,0,0,0,255,17,0,0,100,1
"09/12/2025, 13:58:00",MWX_ELM_GW10001,1,18.4,76.5,1765268872,,,,,,,,,,,,,,,,,,,,,,,,,,,,,,,,,,,,,,,,,,,,,,,,,,,,,,,,,,,,,,,,,,,,,,,,,
"09/12/2025, 13:58:20",MWX_ELM_GW10002,1,0,0,1765268883,4368,4369,4352,241,273,17,4369,0,0,4096,4352,0,0.1,26,13.5,26752,0,84,57,89,229,0,0,0,0,0,0,0,0,0,0,2762,400,2795,0,0,0,5,0,0,0,0,0,0,0,0,0,0,0,0,0,0,0,405,234,50,406,234,50,404,233,50,0,0,0,0,0,255,17,0,0,100,1
"09/12/2025, 13:59:00",MWX_ELM_GW10003,1,17.6,78.2,1765268929,,,,,,,,,,,,,,,,,,,,,,,,,,,,,,,,,,,,,,,,,,,,,,,,,,,,,,,,,,,,,,,,,,,,,,,,,
"09/12/2025, 13:59:20",MWX_ELM_GW10002,1,0,0,1765268953,4368,4369,4352,241,273,17,4369,0,0,4096,4352,0,0.1,26,13.5,26752,0,84,57,89,229,0,0,0,0,0,0,0,0,0,0,2762,400,2795,0,0,0,5,0,0,0,0,0,0,0,0,0,0,0,0,0,0,0,406,234,50,406,235,50,404,233,50,0,0,0,0,0,255,17,0,0,100,1
"09/12/2025, 14:00:00",MWX_ELM_GW10003,1,17.6,78.2,1765268999,,,,,,,,,,,,,,,,,,,,,,,,,,,,,,,,,,,,,,,,,,,,,,,,,,,,,,,,,,,,,,,,,,,,,,,,,
"09/12/2025, 14:00:40",MWX_ELM_GW10001,1,18.4,76.5,1765269033,,,,,,,,,,,,,,,,,,,,,,,,,,,,,,,,,,,,,,,,,,,,,,,,,,,,,,,,,,,,,,,,,,,,,,,,,
"09/12/2025, 14:01:00",,,,,,,,,,,,,,,,,,,,,,,,,,,,,,,,,,,,,,,,,,,,,,,,,,,,,,,,,,,,,,,,,,,,,,,,,,,,,,
"09/12/2025, 14:01:40",MWX_ELM_GW10005,1,0,0,1765269086,4368,4369,4352,241,273,17,4369,1280,0,4096,4352,0,0.1,57,13.2,26753,0,44,54,78,201,0,0,0,0,0,0,0,0,0,0,1132,273,1169,0,0,0,5,0,0,0,0,0,0,0,0,0,0,0,0,0,0,0,402,232,50.1,401,234,50.1,402,231,50,0,0,0,0,0,385,7,0,0,100,1
"09/12/2025, 14:02:00",MWX_ELM_GW10001,1,18.4,76.5,1765269104,,,,,,,,,,,,,,,,,,,,,,,,,,,,,,,,,,,,,,,,,,,,,,,,,,,,,,,,,,,,,,,,,,,,,,,,,
"09/12/2025, 14:02:20",MWX_ELM_GW10004,1,0,0,1765269123,4368,4369,4352,241,273,17,4369,1280,0,4096,4352,0,0.1,36,13.4,26753,0,356,6,85,219,0,0,0,0,0,0,0,0,0,0,6553695,1555,65536319,0,0,0,5,0,0,0,0,0,0,0,0,0,0,0,0,0,0,0,403,232,50.1,403,234,50.1,402,232,50.1,0,0,0,0,0,1127,22,0,0,36,1
"09/12/2025, 14:02:40",MWX_ELM_GW10002,1,0,0,1765269158,4368,4369,4352,241,273,17,4369,0,0,4096,4352,0,0.1,26,13.5,26752,0,84,57,89,229,0,0,0,0,0,0,0,0,0,0,2762,400,2795,0,0,0,5,0,0,0,0,0,0,0,0,0,0,0,0,0,0,0,406,235,50.1,406,235,50.1,405,233,50.1,0,0,0,0,0,255,17,0,0,100,1
"09/12/2025, 14:03:00",MWX_ELM_GW10005,1,0,0,1765269161,4368,4369,4352,241,273,17,4369,1280,0,4096,4352,0,0.1,57,13.3,26753,0,44,54,78,201,0,0,0,0,0,0,0,0,0,0,1132,273,1169,0,0,0,5,0,0,0,0,0,0,0,0,0,0,0,0,0,0,0,401,231,50.1,401,233,50.1,401,231,50.1,0,0,0,0,0,385,7,0,0,100,1
"09/12/2025, 14:04:00",MWX_ELM_GW10005,1,0,0,1765269232,4368,4369,4352,241,273,17,4369,1280,0,4096,4352,0,0.1,57,13.2,26753,0,44,54,78,201,0,0,0,0,0,0,0,0,0,0,1132,273,1169,0,0,0,5,0,0,0,0,0,0,0,0,0,0,0,0,0,0,0,402,232,50.1,401,234,50.1,402,231,50.1,0,0,0,0,0,385,7,0,0,100,1
"09/12/2025, 14:04:20",MWX_ELM_GW10001,1,18.4,76.5,1765269244,,,,,,,,,,,,,,,,,,,,,,,,,,,,,,,,,,,,,,,,,,,,,,,,,,,,,,,,,,,,,,,,,,,,,,,,,
"09/12/2025, 14:05:00",MWX_ELM_GW10002,1,0,0,1765269294,4368,4369,4352,241,273,17,4369,0,0,4096,4352,0,0.1,26,13.5,26752,0,84,57,89,229,0,0,0,0,0,0,0,0,0,0,2762,400,2795,0,0,0,5,0,0,0,0,0,0,0,0,0,0,0,0,0,0,0,406,235,50.1,406,235,50.1,404,233,50.1,0,0,0,0,0,255,17,0,0,100,1
"09/12/2025, 14:06:00",MWX_ELM_GW10004,1,0,0,1765269357,4368,4369,4352,241,273,17,4369,1280,0,4096,4352,0,0.1,35,13.4,26753,0,356,6,85,219,0,0,0,0,0,0,0,0,0,0,6553695,1555,65536319,0,0,0,5,0,0,0,0,0,0,0,0,0,0,0,0,0,0,0,401,231,50,402,233,50,401,231,50,0,0,0,0,0,1127,22,0,0,36,1
"09/12/2025, 14:06:20",MWX_ELM_GW10003,1,17.6,78.2,1765269365,,,,,,,,,,,,,,,,,,,,,,,,,,,,,,,,,,,,,,,,,,,,,,,,,,,,,,,,,,,,,,,,,,,,,,,,,
"09/12/2025, 14:06:40",MWX_ELM_GW10001,1,18.4,76.5,1765269385,,,,,,,,,,,,,,,,,,,,,,,,,,,,,,,,,,,,,,,,,,,,,,,,,,,,,,,,,,,,,,,,,,,,,,,,,
"09/12/2025, 14:07:00",,,,,,,,,,,,,,,,,,,,,,,,,,,,,,,,,,,,,,,,,,,,,,,,,,,,,,,,,,,,,,,,,,,,,,,,,,,,,,
"09/12/2025, 14:07:20",MWX_ELM_GW10003,1,17.6,78.2,1765269436,,,,,,,,,,,,,,,,,,,,,,,,,,,,,,,,,,,,,,,,,,,,,,,,,,,,,,,,,,,,,,,,,,,,,,,,,
"09/12/2025, 14:07:40",MWX_ELM_GW10005,1,0,0,1765269443,4368,4369,4352,241,273,17,4369,1280,0,4096,4352,0,0.1,56,13.2,26753,0,44,54,78,201,0,0,0,0,0,0,0,0,0,0,1132,273,1169,0,0,0,5,0,0,0,0,0,0,0,0,0,0,0,0,0,0,0,401,231,50,400,233,50,400,230,50,0,0,0,0,0,385,7,0,0,100,1
"09/12/2025, 14:08:00",,,,,,,,,,,,,,,,,,,,,,,,,,,,,,,,,,,,,,,,,,,,,,,,,,,,,,,,,,,,,,,,,,,,,,,,,,,,,,
"09/12/2025, 14:08:40",MWX_ELM_GW10003,1,17.6,78.2,1765269515,,,,,,,,,,,,,,,,,,,,,,,,,,,,,,,,,,,,,,,,,,,,,,,,,,,,,,,,,,,,,,,,,,,,,,,,,
"09/12/2025, 14:09:00",,,,,,,,,,,,,,,,,,,,,,,,,,,,,,,,,,,,,,,,,,,,,,,,,,,,,,,,,,,,,,,,,,,,,,,,,,,,,,
"09/12/2025, 14:09:40",MWX_ELM_GW10002,1,0,0,1765269573,4368,4369,4352,241,273,17,4369,0,0,4096,4352,0,0.1,26,13.5,26752,0,84,57,89,229,0,0,0,0,0,0,0,0,0,0,2762,400,2795,0,0,0,5,0,0,0,0,0,0,0,0,0,0,0,0,0,0,0,405,234,50,405,234,50,403,233,50,0,0,0,0,0,255,17,0,0,100,1
"09/12/2025, 14:10:00",,,,,,,,,,,,,,,,,,,,,,,,,,,,,,,,,,,,,,,,,,,,,,,,,,,,,,,,,,,,,,,,,,,,,,,,,,,,,,
"09/12/2025, 14:11:00",,,,,,,,,,,,,,,,,,,,,,,,,,,,,,,,,,,,,,,,,,,,,,,,,,,,,,,,,,,,,,,,,,,,,,,,,,,,,,
"09/12/2025, 14:12:00",,,,,,,,,,,,,,,,,,,,,,,,,,,,,,,,,,,,,,,,,,,,,,,,,,,,,,,,,,,,,,,,,,,,,,,,,,,,,,
"09/12/2025, 14:12:40",MWX_ELM_GW10004,1,0,0,1765269757,4368,4369,4352,241,273,17,4369,1280,0,4096,4352,0,0.1,35,13.4,26753,0,356,6,85,219,0,0,0,0,0,0,0,0,0,0,6553695,1555,65536319,0,0,0,5,0,0,0,0,0,0,0,0,0,0,0,0,0,0,0,404,233,49.9,403,234,49.9,403,232,50,0,0,0,0,0,1127,22,0,0,36,1
"09/12/2025, 14:13:00",MWX_ELM_GW10002,1,0,0,1765269769,4368,4369,4352,241,273,17,4369,0,0,4096,4352,0,0.1,26,13.5,26752,0,84,57,89,229,0,0,0,0,0,0,0,0,0,0,2762,400,2795,0,0,0,5,0,0,0,0,0,0,0,0,0,0,0,0,0,0,0,403,233,49.9,404,233,49.9,402,232,49.9,0,0,0,0,0,255,17,0,0,100,1
"09/12/2025, 14:14:00",MWX_ELM_GW10004,1,0,0,1765269828,4368,4369,4352,241,273,17,4369,1280,0,4096,4352,0,0.1,35,13.3,26753,0,356,6,85,219,0,0,0,0,0,0,0,0,0,0,6553695,1555,65536319,0,0,0,5,0,0,0,0,0,0,0,0,0,0,0,0,0,0,0,405,234,50,405,234,50,404,233,50,0,0,0,0,0,1127,22,0,0,36,1
"09/12/2025, 14:14:20",MWX_ELM_GW10005,1,0,0,1765269841,4368,4369,4352,241,273,17,4369,1280,0,4096,4352,0,0.1,55,13.3,26753,0,44,54,78,202,0,0,0,0,0,0,0,0,0,0,1132,273,1169,0,0,0,5,0,0,0,0,0,0,0,0,0,0,0,0,0,0,0,402,231,50,401,234,50,401,231,50,0,0,0,0,0,385,7,0,0,100,1
"09/12/2025, 14:15:00",,,,,,,,,,,,,,,,,,,,,,,,,,,,,,,,,,,,,,,,,,,,,,,,,,,,,,,,,,,,,,,,,,,,,,,,,,,,,,
"09/12/2025, 14:15:20",MWX_ELM_GW10005,1,0,0,1765269912,4368,4369,4352,241,273,17,4369,1280,0,4096,4352,0,0.1,55,13.2,26753,0,44,54,78,201,0,0,0,0,0,0,0,0,0,0,1132,273,1169,0,0,0,5,0,0,0,0,0,0,0,0,0,0,0,0,0,0,0,403,232,49.9,402,234,49.9,403,232,50,0,0,0,0,0,385,7,0,0,100,1
"09/12/2025, 14:16:00",MWX_ELM_GW10001,1,18.4,76.5,1765269955,,,,,,,,,,,,,,,,,,,,,,,,,,,,,,,,,,,,,,,,,,,,,,,,,,,,,,,,,,,,,,,,,,,,,,,,,
"09/12/2025, 14:16:20",MWX_ELM_GW10004,1,0,0,1765269965,4368,4369,4352,241,273,17,4369,1280,0,4096,4352,0,0.1,35,13.3,26753,0,356,6,85,219,0,0,0,0,0,0,0,0,0,0,6553695,1555,65536319,0,0,0,5,0,0,0,0,0,0,0,0,0,0,0,0,0,0,0,405,233,50,404,234,50,403,232,49.9,0,0,0,0,0,1127,22,0,0,36,1
"09/12/2025, 14:17:00",,,,,,,,,,,,,,,,,,,,,,,,,,,,,,,,,,,,,,,,,,,,,,,,,,,,,,,,,,,,,,,,,,,,,,,,,,,,,,
"09/12/2025, 14:17:20",MWX_ELM_GW10005,1,0,0,1765270037,4368,4369,4352,241,273,17,4369,1280,0,4096,4352,0,0.1,55,13.2,26753,0,44,54,78,201,0,0,0,0,0,0,0,0,0,0,1132,273,1169,0,0,0,5,0,0,0,0,0,0,0,0,0,0,0,0,0,0,0,403,232,49.9,402,234,49.9,402,231,50,0,0,0,0,0,385,7,0,0,100,1
"09/12/2025, 14:18:00",,,,,,,,,,,,,,,,,,,,,,,,,,,,,,,,,,,,,,,,,,,,,,,,,,,,,,,,,,,,,,,,,,,,,,,,,,,,,,
"09/12/2025, 14:18:20",MWX_ELM_GW10001,1,18.4,76.5,1765270094,,,,,,,,,,,,,,,,,,,,,,,,,,,,,,,,,,,,,,,,,,,,,,,,,,,,,,,,,,,,,,,,,,,,,,,,,
"09/12/2025, 14:19:00",MWX_ELM_GW10001,1,18.4,76.5,1765270126,,,,,,,,,,,,,,,,,,,,,,,,,,,,,,,,,,,,,,,,,,,,,,,,,,,,,,,,,,,,,,,,,,,,,,,,,
"09/12/2025, 14:19:20",MWX_ELM_GW10002,1,0,0,1765270155,4368,4369,4352,241,273,17,4369,0,0,4096,4352,0,0.1,26,13.5,26752,0,84,57,89,229,0,0,0,0,0,0,0,0,0,0,2762,400,2795,0,0,0,5,0,0,0,0,0,0,0,0,0,0,0,0,0,0,0,404,234,50,405,234,50,403,233,50,0,0,0,0,0,255,17,0,0,100,1
"09/12/2025, 14:19:40",MWX_ELM_GW10004,1,0,0,1765270177,4368,4369,4352,241,273,17,4369,1280,0,4096,4352,0,0.1,35,13.4,26753,0,356,6,85,219,0,0,0,0,0,0,0,0,0,0,6553695,1555,65536319,0,0,0,5,0,0,0,0,0,0,0,0,0,0,0,0,0,0,0,404,233,49.9,404,234,49.9,403,232,49.9,0,0,0,0,0,1127,22,0,0,36,1
"09/12/2025, 14:20:00",MWX_ELM_GW10002,1,0,0,1765270186,4368,4369,4352,241,273,17,4369,0,0,4096,4352,0,0.1,26,13.5,26752,0,84,57,89,229,0,0,0,0,0,0,0,0,0,0,2762,400,2795,0,0,0,5,0,0,0,0,0,0,0,0,0,0,0,0,0,0,0,404,234,49.9,404,233,49.9,403,232,49.9,0,0,0,0,0,255,17,0,0,100,1
"09/12/2025, 14:20:40",MWX_ELM_GW10005,1,0,0,1765270233,4368,4369,4352,241,273,17,4369,1280,0,4096,4352,0,0.1,55,13.2,26753,0,44,54,78,201,0,0,0,0,0,0,0,0,0,0,1132,273,1169,0,0,0,5,0,0,0,0,0,0,0,0,0,0,0,0,0,0,0,403,232,49.9,401,233,50,402,231,50,0,0,0,0,0,385,7,0,0,100,1
"09/12/2025, 14:21:00",MWX_ELM_GW10004,1,0,0,1765270248,4368,4369,4352,241,273,17,4369,1280,0,4096,4352,0,0.1,35,13.4,26753,0,356,6,85,219,0,0,0,0,0,0,0,0,0,0,6553695,1555,65536319,0,0,0,5,0,0,0,0,0,0,0,0,0,0,0,0,0,0,0,404,233,50,404,234,50,403,233,49.9,0,0,0,0,0,1127,22,0,0,36,1
"09/12/2025, 14:21:20",MWX_ELM_GW10003,1,17.6,78.2,1765270263,,,,,,,,,,,,,,,,,,,,,,,,,,,,,,,,,,,,,,,,,,,,,,,,,,,,,,,,,,,,,,,,,,,,,,,,,
"09/12/2025, 14:22:00",MWX_ELM_GW10002,1,0,0,1765270310,4368,4369,4352,241,273,17,4369,0,0,4096,4352,0,0.1,26,13.5,26752,0,84,57,89,229,0,0,0,0,0,0,0,0,0,0,2762,400,2795,0,0,0,5,0,0,0,0,0,0,0,0,0,0,0,0,0,0,0,404,233,50,404,233,50,402,232,50,0,0,0,0,0,255,17,0,0,100,1
"09/12/2025, 14:22:20",MWX_ELM_GW10003,1,17.6,78.2,1765270333,,,,,,,,,,,,,,,,,,,,,,,,,,,,,,,,,,,,,,,,,,,,,,,,,,,,,,,,,,,,,,,,,,,,,,,,,
"09/12/2025, 14:23:00",MWX_ELM_GW10004,1,0,0,1765270373,4368,4369,4352,241,273,17,4369,1280,0,4096,4352,0,0.1,35,13.4,26753,0,356,6,85,220,0,0,0,0,0,0,0,0,0,0,6553695,1555,65536319,0,0,0,5,0,0,0,0,0,0,0,0,0,0,0,0,0,0,0,404,233,50,404,234,49.9,403,232,50,0,0,0,0,0,1127,22,0,0,36,1
"09/12/2025, 14:23:20",MWX_ELM_GW10002,1,0,0,1765270380,4368,4369,4352,241,273,17,4369,0,0,4096,4352,0,0.1,26,13.5,26752,0,84,57,89,229,0,0,0,0,0,0,0,0,0,0,2762,400,2795,0,0,0,5,0,0,0,0,0,0,0,0,0,0,0,0,0,0,0,404,233,49.9,404,233,50,402,232,50,0,0,0,0,0,255,17,0,0,100,1
"09/12/2025, 14:24:00",,,,,,,,,,,,,,,,,,,,,,,,,,,,,,,,,,,,,,,,,,,,,,,,,,,,,,,,,,,,,,,,,,,,,,,,,,,,,,
"09/12/2025, 14:25:00",,,,,,,,,,,,,,,,,,,,,,,,,,,,,,,,,,,,,,,,,,,,,,,,,,,,,,,,,,,,,,,,,,,,,,,,,,,,,,
"09/12/2025, 14:25:40",MWX_ELM_GW10002,1,0,0,1765270520,4368,4369,4352,241,273,17,4369,0,0,4096,4352,0,0.1,26,13.5,26752,0,84,57,89,229,0,0,0,0,0,0,0,0,0,0,2762,400,2795,0,0,0,5,0,0,0,0,0,0,0,0,0,0,0,0,0,0,0,404,233,49.9,404,233,49.9,402,232,49.9,0,0,0,0,0,255,17,0,0,100,1
"09/12/2025, 14:26:00",,,,,,,,,,,,,,,,,,,,,,,,,,,,,,,,,,,,,,,,,,,,,,,,,,,,,,,,,,,,,,,,,,,,,,,,,,,,,,
"09/12/2025, 14:26:20",MWX_ELM_GW10004,1,0,0,1765270570,4368,4369,4352,241,273,17,4369,1280,0,4096,4352,0,0.1,35,13.3,26753,0,356,6,85,219,0,0,0,0,0,0,0,0,0,0,6553695,1555,65536319,0,0,0,5,0,0,0,0,0,0,0,0,0,0,0,0,0,0,0,403,232,49.9,403,233,49.9,402,232,49.9,0,0,0,0,0,1127,22,0,0,36,1
"09/12/2025, 14:26:40",MWX_ELM_GW10002,1,0,0,1765270590,4368,4369,4352,241,273,17,4369,0,0,4096,4352,0,0.1,26,13.5,26752,0,84,57,89,229,0,0,0,0,0,0,0,0,0,0,2762,400,2795,0,0,0,5,0,0,0,0,0,0,0,0,0,0,0,0,0,0,0,403,233,49.9,403,233,49.9,401,231,49.9,0,0,0,0,0,255,17,0,0,100,1
"09/12/2025, 14:27:00",,,,,,,,,,,,,,,,,,,,,,,,,,,,,,,,,,,,,,,,,,,,,,,,,,,,,,,,,,,,,,,,,,,,,,,,,,,,,,
"09/12/2025, 14:27:40",MWX_ELM_GW10005,1,0,0,1765270641,4368,4369,4352,241,273,17,4369,1280,0,4096,4352,0,0.1,54,13.2,26753,0,44,54,78,201,0,0,0,0,0,0,0,0,0,0,1132,273,1169,0,0,0,5,0,0,0,0,0,0,0,0,0,0,0,0,0,0,0,402,232,49.9,401,232,49.9,402,231,49.9,0,0,0,0,0,385,7,0,0,100,1
"09/12/2025, 14:28:00",MWX_ELM_GW10002,1,0,0,1765270660,4368,4369,4352,241,273,17,4369,0,0,4096,4352,0,0.1,26,13.5,26752,0,84,57,89,229,0,0,0,0,0,0,0,0,0,0,2762,400,2795,0,0,0,5,0,0,0,0,0,0,0,0,0,0,0,0,0,0,0,403,233,49.9,403,233,49.9,401,231,49.9,0,0,0,0,0,255,17,0,0,100,1
"09/12/2025, 14:28:20",MWX_ELM_GW10003,1,17.6,78.2,1765270695,,,,,,,,,,,,,,,,,,,,,,,,,,,,,,,,,,,,,,,,,,,,,,,,,,,,,,,,,,,,,,,,,,,,,,,,,
"09/12/2025, 14:28:40",MWX_ELM_GW10005,1,0,0,1765270711,4368,4369,4352,241,273,17,4369,1280,0,4096,4352,0,0.1,54,13.2,26753,0,44,54,78,202,0,0,0,0,0,0,0,0,0,0,1132,273,1169,0,0,0,5,0,0,0,0,0,0,0,0,0,0,0,0,0,0,0,402,232,49.9,401,233,50,401,231,49.9,0,0,0,0,0,385,7,0,0,100,1
"09/12/2025, 14:29:00",MWX_ELM_GW10002,1,0,0,1765270730,4368,4369,4352,241,273,17,4369,0,0,4096,4352,0,0.1,26,13.5,26752,0,84,57,89,229,0,0,0,0,0,0,0,0,0,0,2762,400,2795,0,0,0,5,0,0,0,0,0,0,0,0,0,0,0,0,0,0,0,403,233,49.9,403,233,50,401,231,49.9,0,0,0,0,0,255,17,0,0,100,1
"09/12/2025, 14:29:40",MWX_ELM_GW10003,1,17.6,78.2,1765270766,,,,,,,,,,,,,,,,,,,,,,,,,,,,,,,,,,,,,,,,,,,,,,,,,,,,,,,,,,,,,,,,,,,,,,,,,
"09/12/2025, 14:30:00",MWX_ELM_GW10004,1,0,0,1765270782,4368,4369,4352,241,273,17,4369,1280,0,4096,4352,0,0.1,35,13.4,26753,0,356,6,85,219,0,0,0,0,0,0,0,0,0,0,6553695,1555,65536319,0,0,0,5,0,0,0,0,0,0,0,0,0,0,0,0,0,0,0,404,233,49.9,403,234,49.9,403,232,50,0,0,0,0,0,1127,22,0,0,36,1
"09/12/2025, 14:31:00",MWX_ELM_GW10005,1,0,0,1765270852,4368,4369,4352,241,273,17,4369,1280,0,4096,4352,0,0.1,54,13.2,26753,0,44,54,78,201,0,0,0,0,0,0,0,0,0,0,1132,273,1169,0,0,0,5,0,0,0,0,0,0,0,0,0,0,0,0,0,0,0,401,231,50,400,233,50,401,231,50,0,0,0,0,0,385,7,0,0,100,1
"09/12/2025, 14:31:20",MWX_ELM_GW10001,1,18.4,76.5,1765270870,,,,,,,,,,,,,,,,,,,,,,,,,,,,,,,,,,,,,,,,,,,,,,,,,,,,,,,,,,,,,,,,,,,,,,,,,
"09/12/2025, 14:32:00",MWX_ELM_GW10003,1,17.6,78.2,1765270901,,,,,,,,,,,,,,,,,,,,,,,,,,,,,,,,,,,,,,,,,,,,,,,,,,,,,,,,,,,,,,,,,,,,,,,,,
"09/12/2025, 14:32:20",MWX_ELM_GW10005,1,0,0,1765270923,4368,4369,4352,241,273,17,4369,1280,0,4096,4352,0,0.1,54,13.2,26753,0,44,54,78,201,0,0,0,0,0,0,0,0,0,0,1132,273,1169,0,0,0,5,0,0,0,0,0,0,0,0,0,0,0,0,0,0,0,402,231,50,400,232,50,400,231,50,0,0,0,0,0,385,7,0,0,100,1
"09/12/2025, 14:32:40",MWX_ELM_GW10001,1,18.4,76.5,1765270941,,,,,,,,,,,,,,,,,,,,,,,,,,,,,,,,,,,,,,,,,,,,,,,,,,,,,,,,,,,,,,,,,,,,,,,,,
"09/12/2025, 14:33:00",,,,,,,,,,,,,,,,,,,,,,,,,,,,,,,,,,,,,,,,,,,,,,,,,,,,,,,,,,,,,,,,,,,,,,,,,,,,,,
"09/12/2025, 14:33:20",MWX_ELM_GW10005,1,0,0,1765270993,4368,4369,4352,241,273,17,4369,1280,0,4096,4352,0,0.1,53,13.2,26753,0,44,54,78,202,0,0,0,0,0,0,0,0,0,0,1132,273,1169,0,0,0,5,0,0,0,0,0,0,0,0,0,0,0,0,0,0,0,402,232,50,400,233,50,401,231,50,0,0,0,0,0,385,7,0,0,100,1
"09/12/2025, 14:34:00",MWX_ELM_GW10002,1,0,0,1765271033,4368,4369,4352,241,273,17,4369,0,0,4096,4352,0,0.1,26,13.5,26752,0,84,57,89,229,0,0,0,0,0,0,0,0,0,0,2762,400,2795,0,0,0,5,0,0,0,0,0,0,0,0,0,0,0,0,0,0,0,405,234,50,405,234,50,403,232,50,0,0,0,0,0,255,17,0,0,100,1
"09/12/2025, 14:34:20",MWX_ELM_GW10003,1,17.6,78.2,1765271042,,,,,,,,,,,,,,,,,,,,,,,,,,,,,,,,,,,,,,,,,,,,,,,,,,,,,,,,,,,,,,,,,,,,,,,,,
"09/12/2025, 14:34:40",MWX_ELM_GW10005,1,0,0,1765271064,4368,4369,4352,241,273,17,4369,1280,0,4096,4352,0,0.1,53,13.3,26753,0,44,54,78,201,0,0,0,0,0,0,0,0,0,0,1132,273,1169,0,0,0,5,0,0,0,0,0,0,0,0,0,0,0,0,0,0,0,402,231,50,400,233,50,401,231,50,0,0,0,0,0,385,7,0,0,100,1
"09/12/2025, 14:35:00",,,,,,,,,,,,,,,,,,,,,,,,,,,,,,,,,,,,,,,,,,,,,,,,,,,,,,,,,,,,,,,,,,,,,,,,,,,,,,
"09/12/2025, 14:35:20",MWX_ELM_GW10003,1,17.6,78.2,1765271112,,,,,,,,,,,,,,,,,,,,,,,,,,,,,,,,,,,,,,,,,,,,,,,,,,,,,,,,,,,,,,,,,,,,,,,,,
"09/12/2025, 14:35:40",MWX_ELM_GW10005,1,0,0,1765271134,4368,4369,4352,241,273,17,4369,1280,0,4096,4352,0,0.1,53,13.2,26753,0,44,54,78,201,0,0,0,0,0,0,0,0,0,0,1132,273,1169,0,0,0,5,0,0,0,0,0,0,0,0,0,0,0,0,0,0,0,402,231,50,400,233,50,401,231,50,0,0,0,0,0,385,7,0,0,100,1
"09/12/2025, 14:36:00",,,,,,,,,,,,,,,,,,,,,,,,,,,,,,,,,,,,,,,,,,,,,,,,,,,,,,,,,,,,,,,,,,,,,,,,,,,,,,
"09/12/2025, 14:36:20",MWX_ELM_GW10003,1,17.6,78.2,1765271172,,,,,,,,,,,,,,,,,,,,,,,,,,,,,,,,,,,,,,,,,,,,,,,,,,,,,,,,,,,,,,,,,,,,,,,,,
"09/12/2025, 14:36:40",MWX_ELM_GW10003,1,17.6,78.2,1765271183,,,,,,,,,,,,,,,,,,,,,,,,,,,,,,,,,,,,,,,,,,,,,,,,,,,,,,,,,,,,,,,,,,,,,,,,,
"09/12/2025, 14:37:00",MWX_ELM_GW10001,1,18.4,76.5,1765271201,,,,,,,,,,,,,,,,,,,,,,,,,,,,,,,,,,,,,,,,,,,,,,,,,,,,,,,,,,,,,,,,,,,,,,,,,
"09/12/2025, 14:37:20",MWX_ELM_GW10002,1,0,0,1765271237,4368,4369,4352,241,273,17,4369,0,0,4096,4352,0,0.1,26,13.5,26752,0,84,57,89,229,0,0,0,0,0,0,0,0,0,0,2762,400,2795,0,0,0,5,0,0,0,0,0,0,0,0,0,0,0,0,0,0,0,404,233,50,404,234,50,402,232,50,0,0,0,0,0,255,17,0,0,100,1
"09/12/2025, 14:38:00",MWX_ELM_GW10004,1,0,0,1765271273,4368,4369,4352,241,273,17,4369,1280,0,4096,4352,0,0.1,34,13.4,26753,0,356,6,85,219,0,0,0,0,0,0,0,0,0,0,6553695,1555,65536319,0,0,0,5,0,0,0,0,0,0,0,0,0,0,0,0,0,0,0,405,233,50,405,234,50,404,233,50,0,0,0,0,0,1127,22,0,0,36,1
"09/12/2025, 14:39:00",,,,,,,,,,,,,,,,,,,,,,,,,,,,,,,,,,,,,,,,,,,,,,,,,,,,,,,,,,,,,,,,,,,,,,,,,,,,,,
"09/12/2025, 14:39:20",MWX_ELM_GW10005,1,0,0,1765271346,4368,4369,4352,241,273,17,4369,1280,0,4096,4352,0,0.1,53,13.2,26753,0,44,54,78,201,0,0,0,0,0,0,0,0,0,0,1132,273,1169,0,0,0,5,0,0,0,0,0,0,0,0,0,0,0,0,0,0,0,401,230,50,399,232,50,400,230,50,0,0,0,0,0,385,7,0,0,100,1
"09/12/2025, 14:39:40",MWX_ELM_GW10002,1,0,0,1765271376,4368,4369,4352,241,273,17,4369,0,0,4096,4352,0,0.1,26,13.5,26752,0,84,57,89,229,0,0,0,0,0,0,0,0,0,0,2762,400,2795,0,0,0,5,0,0,0,0,0,0,0,0,0,0,0,0,0,0,0,403,233,50,404,233,50,401,232,50,0,0,0,0,0,255,17,0,0,100,1
"09/12/2025, 14:40:00",,,,,,,,,,,,,,,,,,,,,,,,,,,,,,,,,,,,,,,,,,,,,,,,,,,,,,,,,,,,,,,,,,,,,,,,,,,,,,
"09/12/2025, 14:40:20",MWX_ELM_GW10004,1,0,0,1765271411,4368,4369,4352,241,273,17,4369,1280,0,4096,4352,0,0.1,34,13.4,26753,0,356,6,85,219,0,0,0,0,0,0,0,0,0,0,6553695,1555,65536319,0,0,0,5,0,0,0,0,0,0,0,0,0,0,0,0,0,0,0,404,233,50,404,234,50,403,232,50,0,0,0,0,0,1127,22,0,0,36,1
"09/12/2025, 14:40:40",MWX_ELM_GW10001,1,18.4,76.5,1765271432,,,,,,,,,,,,,,,,,,,,,,,,,,,,,,,,,,,,,,,,,,,,,,,,,,,,,,,,,,,,,,,,,,,,,,,,,
"09/12/2025, 14:41:00",MWX_ELM_GW10003,1,17.6,78.2,1765271440,,,,,,,,,,,,,,,,,,,,,,,,,,,,,,,,,,,,,,,,,,,,,,,,,,,,,,,,,,,,,,,,,,,,,,,,,
"09/12/2025, 14:41:40",MWX_ELM_GW10005,1,0,0,1765271487,4368,4369,4352,241,273,17,4369,1280,0,4096,4352,0,0.1,53,13.2,26753,0,44,54,78,202,0,0,0,0,0,0,0,0,0,0,1132,273,1169,0,0,0,5,0,0,0,0,0,0,0,0,0,0,0,0,0,0,0,400,230,50,399,232,50,399,230,50,0,0,0,0,0,385,7,0,0,100,1
"09/12/2025, 14:42:00",MWX_ELM_GW10003,1,17.6,78.2,1765271510,,,,,,,,,,,,,,,,,,,,,,,,,,,,,,,,,,,,,,,,,,,,,,,,,,,,,,,,,,,,,,,,,,,,,,,,,
