"Time","t GW10001"
"07/01/2026, 14:12:00",29.9 °C
"07/01/2026, 14:13:00",30.2 °C
"07/01/2026, 14:14:00",30.6 °C
"07/01/2026, 14:15:00",31 °C
"07/01/2026, 14:16:00",31.5 °C
"07/01/2026, 14:17:00",31.9 °C
"07/01/2026, 14:18:00",32.2 °C
"07/01/2026, 14:19:00",32.6 °C
"07/01/2026, 14:20:00",33 °C
"07/01/2026, 14:21:00",33.3 °C
"07/01/2026, 14:22:00",33.7 °C
"07/01/2026, 14:23:00",33.9 °C
"07/01/2026, 14:24:00",34.2 °C
"07/01/2026, 14:25:00",34.5 °C
"07/01/2026, 14:26:00",34.6 °C
"07/01/2026, 14:27:00",34.5 °C
"07/01/2026, 14:28:00",34.2 °C
"07/01/2026, 14:29:00",34 °C
"07/01/2026, 14:30:00",33.8 °C
"07/01/2026, 14:31:00",33.6 °C
"07/01/2026, 14:32:00",33.5 °C
"07/01/2026, 14:33:00",33.5 °C
"07/01/2026, 14:34:00",33.6 °C
"07/01/2026, 14:35:00",33.6 °C
"07/01/2026, 14:36:00",33.7 °C
"07/01/2026, 14:37:00",33.7 °C
"07/01/2026, 14:38:00",33.6 °C
"07/01/2026, 14:39:00",33.4 °C
"07/01/2026, 14:40:00",33.3 °C
"07/01/2026, 14:41:00",33.1 °C
"07/01/2026, 14:42:00",33 °C
"07/01/2026, 14:43:00",33.1 °C
"07/01/2026, 14:44:00",33.3 °C
"07/01/2026, 14:45:00",33.5 °C
"07/01/2026, 14:46:00",33.5 °C
"07/01/2026, 14:47:00",33.4 °C
"07/01/2026, 14:48:00",33.3 °C
"07/01/2026, 14:49:00",33.2 °C
"07/01/2026, 14:50:00",32.9 °C
"07/01/2026, 14:51:00",32.8 °C
"07/01/2026, 14:52:00",32.8 °C
"07/01/2026, 14:53:00",32.8 °C
"07/01/2026, 14:54:00",32.9 °C
"07/01/2026, 14:55:00",33 °C
"07/01/2026, 14:56:00",33 °C
"07/01/2026, 14:57:00",33 °C
"07/01/2026, 14:58:00",32.8 °C
"07/01/2026, 14:59:00",32.7 °C
"07/01/2026, 15:00:00",32.6 °C
"07/01/2026, 15:01:00",32.7 °C
"07/01/2026, 15:02:00",32.9 °C
"07/01/2026, 15:03:00",33 °C
"07/01/2026, 15:04:00",33 °C
"07/01/2026, 15:05:00",33 °C
"07/01/2026, 15:06:00",32.9 °C
"07/01/2026, 15:07:00",32.7 °C
"07/01/2026, 15:08:00",32.5 °C
"07/01/2026, 15:09:00",32.4 °C
"07/01/2026, 15:10:00",32.4 °C
"07/01/2026, 15:11:00",32.4 °C
"07/01/2026, 15:12:00",32.4 °C
"07/01/2026, 15:13:00",32.5 °C
"07/01/2026, 15:14:00",32.6 °C
"07/01/2026, 15:15:00",32.6 °C
"07/01/2026, 15:16:00",32.7 °C
"07/01/2026, 15:17:00",32.7 °C
"07/01/2026, 15:18:00",32.7 °C
"07/01/2026, 15:19:00",32.7 °C
"07/01/2026, 15:20:00",32.5 °C
"07/01/2026, 15:21:00",32.3 °C
"07/01/2026, 15:22:00",32.4 °C
"07/01/2026, 15:23:00",32.3 °C
"07/01/2026, 15:24:00",32.3 °C
"07/01/2026, 15:25:00",32.3 °C
"07/01/2026, 15:26:00",32.3 °C
"07/01/2026, 15:27:00",32.3 °C
"07/01/2026, 15:28:00",32.3 °C
"07/01/2026, 15:29:00",32.3 °C
"07/01/2026, 15:30:00",32.3 °C
"07/01/2026, 15:31:00",32.3 °C
"07/01/2026, 15:32:00",32.2 °C
"07/01/2026, 15:33:00",32 °C
"07/01/2026, 15:34:00",31.8 °C
"07/01/2026, 15:35:00",31.6 °C
"07/01/2026, 15:36:00",31.4 °C
"07/01/2026, 15:37:00",31.3 °C
"07/01/2026, 15:38:00",31.2 °C
"07/01/2026, 15:39:00",31.2 °C
"07/01/2026, 15:40:00",31.2 °C
"07/01/2026, 15:41:00",31.3 °C
"07/01/2026, 15:42:00",31.3 °C
"07/01/2026, 15:43:00",31.4 °C
"07/01/2026, 15:44:00",31.5 °C
"07/01/2026, 15:45:00",31.7 °C
"07/01/2026, 15:46:00",31.9 °C
"07/01/2026, 15:47:00",31.9 °C
"07/01/2026, 15:48:00",31.8 °C
"07/01/2026, 15:49:00",31.7 °C
"07/01/2026, 15:50:00",31.6 °C
"07/01/2026, 15:51:00",31.4 °C
"07/01/2026, 15:52:00",31.4 °C
"07/01/2026, 15:53:00",31.4 °C
"07/01/2026, 15:54:00",31.4 °C
"07/01/2026, 15:55:00",31.4 °C
"07/01/2026, 15:56:00",31.4 °C
"07/01/2026, 15:57:00",31.4 °C
"07/01/2026, 15:58:00",31.4 °C
"07/01/2026, 15:59:00",31.5 °C
"07/01/2026, 16:00:00",31.6 °C
"07/01/2026, 16:01:00",31.7 °C
"07/01/2026, 16:02:00",31.7 °C
"07/01/2026, 16:03:00",31.8 °C
"07/01/2026, 16:04:00",31.9 °C
"07/01/2026, 16:05:00",31.9 °C
"07/01/2026, 16:06:00",31.9 °C
"07/01/2026, 16:07:00",31.8 °C
"07/01/2026, 16:08:00",31.6 °C
"07/01/2026, 16:09:00",31.4 °C
"07/01/2026, 16:10:00",31 °C
"07/01/2026, 16:11:00",30.7 °C
"07/01/2026, 16:12:00",30.5 °C
"07/01/2026, 16:13:00",30.5 °C
"07/01/2026, 16:14:00",30.4 °C
"07/01/2026, 16:15:00",30.3 °C
"07/01/2026, 16:16:00",30.3 °C
"07/01/2026, 16:17:00",30.2 °C
"07/01/2026, 16:18:00",30.2 °C
"07/01/2026, 16:19:00",30.2 °C
"07/01/2026, 16:20:00",30.1 °C
"07/01/2026, 16:21:00",30.2 °C
"07/01/2026, 16:22:00",30.1 °C
"07/01/2026, 16:23:00",30.1 °C
"07/01/2026, 16:24:00",30.1 °C
"07/01/2026, 16:25:00",30.1 °C
"07/01/2026, 16:26:00",30.2 °C
"07/01/2026, 16:27:00",30.3 °C
"07/01/2026, 16:28:00",30.3 °C
"07/01/2026, 16:29:00",30.4 °C
"07/01/2026, 16:30:00",30.4 °C
"07/01/2026, 16:31:00",30.5 °C
"07/01/2026, 16:32:00",30.5 °C
"07/01/2026, 16:33:00",30.6 °C
"07/01/2026, 16:34:00",30.7 °C
"07/01/2026, 16:35:00",30.7 °C
"07/01/2026, 16:36:00",30.8 °C
"07/01/2026, 16:37:00",30.9 °C
"07/01/2026, 16:38:00",30.9 °C
"07/01/2026, 16:39:00",30.8 °C
"07/01/2026, 16:40:00",30.7 °C
"07/01/2026, 16:41:00",30.6 °C
"07/01/2026, 16:42:00",30.5 °C
"07/01/2026, 16:43:00",30.5 °C
"07/01/2026, 16:44:00",30.6 °C
"07/01/2026, 16:45:00",30.7 °C
"07/01/2026, 16:46:00",30.8 °C
"07/01/2026, 16:47:00",30.9 °C
"07/01/2026, 16:48:00",30.9 °C
"07/01/2026, 16:49:00",30.8 °C
"07/01/2026, 16:50:00",30.8 °C
"07/01/2026, 16:51:00",30.7 °C
"07/01/2026, 16:52:00",30.8 °C
"07/01/2026, 16:53:00",30.8 °C
"07/01/2026, 16:54:00",30.8 °C
"07/01/2026, 16:55:00",30.8 °C
"07/01/2026, 16:57:00",30.9 °C
"07/01/2026, 16:58:00",31 °C
"07/01/2026, 16:59:00",31.1 °C
"07/01/2026, 17:00:00",31.2 °C
"07/01/2026, 17:01:00",31.2 °C
"07/01/2026, 17:02:00",31.3 °C
"07/01/2026, 17:03:00",31.4 °C
"07/01/2026, 17:04:00",31.2 °C
"07/01/2026, 17:05:00",31.1 °C
"07/01/2026, 17:06:00",31 °C
"07/01/2026, 17:07:00",31 °C
"07/01/2026, 17:08:00",31 °C
"07/01/2026, 17:09:00",31 °C
"07/01/2026, 17:10:00",31 °C
"07/01/2026, 17:11:00",31.1 °C
"07/01/2026, 17:12:00",31.1 °C
"07/01/2026, 17:13:00",31.1 °C
"07/01/2026, 17:14:00",31.1 °C
"07/01/2026, 17:15:00",30.9 °C
"07/01/2026, 17:16:00",30.6 °C
"07/01/2026, 17:17:00",30.3 °C
"07/01/2026, 17:18:00",30 °C
"07/01/2026, 17:19:00",29.8 °C
"07/01/2026, 17:20:00",29.8 °C
"07/01/2026, 17:21:00",29.8 °C
"07/01/2026, 17:22:00",29.9 °C
"07/01/2026, 17:23:00",29.9 °C
"07/01/2026, 17:24:00",29.9 °C
"07/01/2026, 17:25:00",29.9 °C
"07/01/2026, 17:26:00",30 °C
"07/01/2026, 17:27:00",30 °C
"07/01/2026, 17:28:00",30 °C
"07/01/2026, 17:29:00",30.1 °C
"07/01/2026, 17:30:00",30.1 °C
"07/01/2026, 17:31:00",29.9 °C
"07/01/2026, 17:32:00",29.8 °C
"07/01/2026, 17:33:00",29.8 °C
"07/01/2026, 17:34:00",29.7 °C
"07/01/2026, 17:35:00",29.8 °C
"07/01/2026, 17:36:00",29.8 °C
"07/01/2026, 17:37:00",29.8 °C
"07/01/2026, 17:38:00",29.8 °C
"07/01/2026, 17:39:00",29.8 °C
"07/01/2026, 17:40:00",29.9 °C
"07/01/2026, 17:41:00",29.9 °C
"07/01/2026, 17:42:00",29.9 °C
"07/01/2026, 17:43:00",29.9 °C
"07/01/2026, 17:44:00",29.9 °C
"07/01/2026, 17:45:00",29.9 °C
"07/01/2026, 17:46:00",29.8 °C
"07/01/2026, 17:47:00",29.6 °C
"07/01/2026, 17:48:00",29.5 °C
"07/01/2026, 17:49:00",29.5 °C
"07/01/2026, 17:50:00",29.5 °C
"07/01/2026, 17:51:00",29.5 °C
"07/01/2026, 17:52:00",29.6 °C
"07/01/2026, 17:53:00",29.6 °C
"07/01/2026, 17:54:00",29.5 °C
"07/01/2026, 17:55:00",29.5 °C
"07/01/2026, 17:56:00",29.3 °C
"07/01/2026, 17:57:00",29.2 °C
"07/01/2026, 17:58:00",29.2 °C
"07/01/2026, 17:59:00",29.2 °C
"07/01/2026, 18:00:00",29.2 °C
"07/01/2026, 18:01:00",29.2 °C
"07/01/2026, 18:02:00",29.2 °C
"07/01/2026, 18:03:00",29.2 °C
"07/01/2026, 18:04:00",29.2 °C
"07/01/2026, 18:05:00",29.2 °C
"07/01/2026, 18:06:00",29.2 °C
"07/01/2026, 18:07:00",29.2 °C
"07/01/2026, 18:08:00",29.2 °C
"07/01/2026, 18:09:00",29.2 °C
"07/01/2026, 18:10:00",29.2 °C
"07/01/2026, 18:11:00",29.2 °C
"07/01/2026, 18:12:00",29.2 °C
"07/01/2026, 18:13:00",29.2 °C
"07/01/2026, 18:14:00",29.1 °C
"07/01/2026, 18:15:00",29.1 °C
"07/01/2026, 18:16:00",29.1 °C
"07/01/2026, 18:17:00",29.1 °C
"07/01/2026, 18:18:00",29 °C
"07/01/2026, 18:19:00",29 °C
"07/01/2026, 18:20:00",29 °C
"07/01/2026, 18:21:00",28.9 °C
"07/01/2026, 18:22:00",28.9 °C
"07/01/2026, 18:23:00",28.9 °C
"07/01/2026, 18:24:00",28.8 °C
"07/01/2026, 18:25:00",28.8 °C
"07/01/2026, 18:26:00",28.7 °C
"07/01/2026, 18:27:00",28.7 °C
"07/01/2026, 18:28:00",28.7 °C
"07/01/2026, 18:29:00",28.6 °C
"07/01/2026, 18:30:00",28.7 °C
"07/01/2026, 18:31:00",28.6 °C
"07/01/2026, 18:32:00",28.6 °C
"07/01/2026, 18:33:00",28.6 °C
"07/01/2026, 18:34:00",28.6 °C
"07/01/2026, 18:35:00",28.6 °C
"07/01/2026, 18:36:00",28.6 °C
"07/01/2026, 18:37:00",28.5 °C
"07/01/2026, 18:38:00",28.5 °C
"07/01/2026, 18:39:00",28.5 °C
"07/01/2026, 18:40:00",28.5 °C
"07/01/2026, 18:41:00",28.5 °C
"07/01/2026, 18:42:00",28.5 °C
"07/01/2026, 18:43:00",28.4 °C
"07/01/2026, 18:44:00",28.4 °C
"07/01/2026, 18:45:00",28.4 °C
"07/01/2026, 18:46:00",28.4 °C
"07/01/2026, 18:47:00",28.4 °C
"07/01/2026, 18:48:00",28.4 °C
"07/01/2026, 18:49:00",28.3 °C
"07/01/2026, 18:50:00",28.3 °C
"07/01/2026, 18:51:00",28.3 °C
"07/01/2026, 18:52:00",28.3 °C
"07/01/2026, 18:53:00",28.3 °C
"07/01/2026, 18:54:00",28.2 °C
"07/01/2026, 18:55:00",28.2 °C
"07/01/2026, 18:56:00",28.2 °C
"07/01/2026, 18:57:00",28.2 °C
"07/01/2026, 18:58:00",28.2 °C
"07/01/2026, 18:59:00",28.2 °C
"07/01/2026, 19:00:00",28.2 °C
"07/01/2026, 19:01:00",28.2 °C
"07/01/2026, 19:02:00",28.1 °C
"07/01/2026, 19:03:00",28.1 °C
"07/01/2026, 19:04:00",28.1 °C
"07/01/2026, 19:05:00",28.1 °C
"07/01/2026, 19:06:00",28.1 °C
"07/01/2026, 19:07:00",28.1 °C
"07/01/2026, 19:08:00",28 °C
"07/01/2026, 19:09:00",28.1 °C
"07/01/2026, 19:10:00",28 °C
"07/01/2026, 19:11:00",28 °C
"07/01/2026, 19:12:00",28 °C
"07/01/2026, 19:13:00",28 °C
"07/01/2026, 19:14:00",28 °C
"07/01/2026, 19:15:00",28 °C
"07/01/2026, 19:16:00",28 °C
"07/01/2026, 19:17:00",28 °C
"07/01/2026, 19:18:00",28 °C
"07/01/2026, 19:19:00",28 °C
"07/01/2026, 19:20:00",28 °C
"07/01/2026, 19:21:00",28 °C
"07/01/2026, 19:22:00",28 °C
"07/01/2026, 19:23:00",28 °C
"07/01/2026, 19:24:00",28 °C
"07/01/2026, 19:25:00",28 °C
"07/01/2026, 19:26:00",28 °C
"07/01/2026, 19:27:00",27.9 °C
"07/01/2026, 19:28:00",27.9 °C
"07/01/2026, 19:29:00",27.9 °C
"07/01/2026, 19:30:00",27.9 °C
"07/01/2026, 19:31:00",27.8 °C
"07/01/2026, 19:32:00",27.8 °C
"07/01/2026, 19:33:00",27.8 °C
"07/01/2026, 19:34:00",27.8 °C
"07/01/2026, 19:35:00",27.7 °C
"07/01/2026, 19:36:00",27.7 °C
"07/01/2026, 19:37:00",27.6 °C
"07/01/2026, 19:38:00",27.6 °C
"07/01/2026, 19:39:00",27.5 °C
"07/01/2026, 19:40:00",27.5 °C
"07/01/2026, 19:41:00",27.5 °C
"07/01/2026, 19:42:00",27.5 °C
"07/01/2026, 19:43:00",27.4 °C
"07/01/2026, 19:44:00",27.4 °C
"07/01/2026, 19:45:00",27.4 °C
"07/01/2026, 19:46:00",27.4 °C
"07/01/2026, 19:47:00",27.3 °C
"07/01/2026, 19:48:00",27.4 °C
"07/01/2026, 19:49:00",27.3 °C
"07/01/2026, 19:50:00",27.3 °C
"07/01/2026, 19:51:00",27.3 °C
"07/01/2026, 19:52:00",27.3 °C
"07/01/2026, 19:53:00",27.3 °C
"07/01/2026, 19:54:00",27.2 °C
"07/01/2026, 19:55:00",27.1 °C
"07/01/2026, 19:56:00",27 °C
"07/01/2026, 19:57:00",27 °C
"07/01/2026, 19:58:00",26.9 °C
"07/01/2026, 19:59:00",26.8 °C
"07/01/2026, 20:00:00",26.8 °C
"07/01/2026, 20:01:00",26.8 °C
"07/01/2026, 20:02:00",26.8 °C
"07/01/2026, 20:03:00",26.8 °C
"07/01/2026, 20:04:00",26.8 °C
"07/01/2026, 20:05:00",26.8 °C
"07/01/2026, 20:06:00",26.7 °C
"07/01/2026, 20:07:00",26.8 °C
"07/01/2026, 20:08:00",26.8 °C
"07/01/2026, 20:09:00",26.8 °C
"07/01/2026, 20:10:00",26.8 °C
"07/01/2026, 20:11:00",26.8 °C
"07/01/2026, 20:12:00",26.7 °C
"07/01/2026, 20:13:00",26.7 °C
"07/01/2026, 20:14:00",26.7 °C
"07/01/2026, 20:15:00",26.7 °C
"07/01/2026, 20:16:00",26.7 °C
"07/01/2026, 20:17:00",26.7 °C
"07/01/2026, 20:18:00",26.7 °C
"07/01/2026, 20:19:00",26.7 °C
"07/01/2026, 20:20:00",26.7 °C
"07/01/2026, 20:21:00",26.7 °C
"07/01/2026, 20:22:00",26.7 °C
"07/01/2026, 20:23:00",26.6 °C
"07/01/2026, 20:24:00",26.6 °C
"07/01/2026, 20:25:00",26.6 °C
"07/01/2026, 20:26:00",26.6 °C
"07/01/2026, 20:27:00",26.6 °C
"07/01/2026, 20:28:00",26.6 °C
"07/01/2026, 20:29:00",26.6 °C
"07/01/2026, 20:30:00",26.6 °C
"07/01/2026, 20:31:00",26.5 °C
"07/01/2026, 20:32:00",26.5 °C
"07/01/2026, 20:33:00",26.5 °C
"07/01/2026, 20:34:00",26.5 °C
"07/01/2026, 20:35:00",26.5 °C
"07/01/2026, 20:36:00",26.5 °C
"07/01/2026, 20:37:00",26.5 °C
"07/01/2026, 20:38:00",26.5 °C
"07/01/2026, 20:39:00",26.5 °C
"07/01/2026, 20:40:00",26.4 °C
"07/01/2026, 20:41:00",26.4 °C
"07/01/2026, 20:42:00",26.4 °C
"07/01/2026, 20:43:00",26.4 °C
"07/01/2026, 20:44:00",26.4 °C
"07/01/2026, 20:45:00",26.4 °C
"07/01/2026, 20:46:00",26.4 °C
"07/01/2026, 20:47:00",26.4 °C
"07/01/2026, 20:48:00",26.4 °C
"07/01/2026, 20:49:00",26.4 °C
"07/01/2026, 20:50:00",26.4 °C
"07/01/2026, 20:51:00",26.3 °C
"07/01/2026, 20:52:00",26.3 °C
"07/01/2026, 20:53:00",26.3 °C
"07/01/2026, 20:54:00",26.3 °C
"07/01/2026, 20:55:00",26.3 °C
"07/01/2026, 20:56:00",26.3 °C
"07/01/2026, 20:57:00",26.3 °C
"07/01/2026, 20:58:00",26.2 °C
"07/01/2026, 20:59:00",26.2 °C
"07/01/2026, 21:00:00",26.2 °C
"07/01/2026, 21:01:00",26.2 °C
"07/01/2026, 21:02:00",26.2 °C
"07/01/2026, 21:03:00",26.2 °C
"07/01/2026, 21:04:00",26.2 °C
"07/01/2026, 21:05:00",26.2 °C
"07/01/2026, 21:06:00",26.2 °C
"07/01/2026, 21:07:00",26.2 °C
"07/01/2026, 21:08:00",26.2 °C
"07/01/2026, 21:09:00",26.2 °C
"07/01/2026, 21:10:00",26.1 °C
"07/01/2026, 21:11:00",26.1 °C
"07/01/2026, 21:12:00",26.1 °C
"07/01/2026, 21:13:00",26.1 °C
"07/01/2026, 21:14:00",26.1 °C
"07/01/2026, 21:15:00",26.1 °C
"07/01/2026, 21:16:00",26.1 °C
"07/01/2026, 21:17:00",26.1 °C
"07/01/2026, 21:18:00",26.1 °C
"07/01/2026, 21:19:00",26.1 °C
"07/01/2026, 21:20:00",26.1 °C
"07/01/2026, 21:21:00",26.1 °C
"07/01/2026, 21:22:00",26.1 °C
"07/01/2026, 21:23:00",26.1 °C
"07/01/2026, 21:24:00",26.1 °C
"07/01/2026, 21:25:00",26.1 °C
"07/01/2026, 21:26:00",26 °C
"07/01/2026, 21:27:00",26.1 °C
"07/01/2026, 21:28:00",26 °C
"07/01/2026, 21:29:00",26 °C
"07/01/2026, 21:30:00",26 °C
"07/01/2026, 21:31:00",26 °C
"07/01/2026, 21:32:00",26 °C
"07/01/2026, 21:33:00",26 °C
"07/01/2026, 21:34:00",25.9 °C
"07/01/2026, 21:35:00",25.8 °C
"07/01/2026, 21:36:00",25.6 °C
"07/01/2026, 21:37:00",25.3 °C
"07/01/2026, 21:38:00",25 °C
"07/01/2026, 21:39:00",24.7 °C
"07/01/2026, 21:40:00",24.3 °C
"07/01/2026, 21:41:00",24 °C
"07/01/2026, 21:42:00",23.8 °C
"07/01/2026, 21:43:00",23.7 °C
"07/01/2026, 21:44:00",23.6 °C
"07/01/2026, 21:45:00",23.6 °C
"07/01/2026, 21:46:00",23.6 °C
"07/01/2026, 21:47:00",23.7 °C
"07/01/2026, 21:48:00",23.8 °C
"07/01/2026, 21:49:00",23.8 °C
"07/01/2026, 21:50:00",23.9 °C
"07/01/2026, 21:51:00",24 °C
"07/01/2026, 21:52:00",24.1 °C
"07/01/2026, 21:53:00",24.2 °C
"07/01/2026, 21:54:00",24.2 °C
"07/01/2026, 21:55:00",24.3 °C
"07/01/2026, 21:56:00",24.3 °C
"07/01/2026, 21:57:00",24.5 °C
"07/01/2026, 21:58:00",24.5 °C
"07/01/2026, 21:59:00",24.6 °C
"07/01/2026, 22:00:00",24.7 °C
"07/01/2026, 22:01:00",24.8 °C
"07/01/2026, 22:02:00",24.8 °C
"07/01/2026, 22:03:00",24.8 °C
"07/01/2026, 22:04:00",24.9 °C
"07/01/2026, 22:05:00",25 °C
"07/01/2026, 22:06:00",25 °C
"07/01/2026, 22:07:00",25.1 °C
"07/01/2026, 22:08:00",25.2 °C
"07/01/2026, 22:09:00",25.2 °C
"07/01/2026, 22:10:00",25.3 °C
"07/01/2026, 22:11:00",25.3 °C
"07/01/2026, 22:12:00",25.4 °C
"07/01/2026, 22:13:00",25.4 °C
"07/01/2026, 22:14:00",25.4 °C
"07/01/2026, 22:15:00",25.5 °C
"07/01/2026, 22:16:00",25.5 °C
"07/01/2026, 22:17:00",25.5 °C
"07/01/2026, 22:18:00",25.5 °C
"07/01/2026, 22:19:00",25.6 °C
"07/01/2026, 22:20:00",25.6 °C
"07/01/2026, 22:21:00",25.6 °C
"07/01/2026, 22:22:00",25.7 °C
"07/01/2026, 22:23:00",25.6 °C
"07/01/2026, 22:24:00",25.7 °C
"07/01/2026, 22:25:00",25.7 °C
"07/01/2026, 22:26:00",25.7 °C
"07/01/2026, 22:27:00",25.7 °C
"07/01/2026, 22:28:00",25.8 °C
"07/01/2026, 22:29:00",25.8 °C
"07/01/2026, 22:30:00",25.8 °C
"07/01/2026, 22:31:00",25.8 °C
"07/01/2026, 22:32:00",25.8 °C
"07/01/2026, 22:33:00",25.8 °C
"07/01/2026, 22:34:00",25.8 °C
"07/01/2026, 22:35:00",25.7 °C
"07/01/2026, 22:36:00",25.7 °C
"07/01/2026, 22:37:00",25.7 °C
"07/01/2026, 22:38:00",25.7 °C
"07/01/2026, 22:39:00",25.7 °C
"07/01/2026, 22:40:00",25.7 °C
"07/01/2026, 22:41:00",25.7 °C
"07/01/2026, 22:42:00",25.7 °C
"07/01/2026, 22:43:00",25.7 °C
"07/01/2026, 22:44:00",25.7 °C
"07/01/2026, 22:45:00",25.7 °C
"07/01/2026, 22:46:00",25.7 °C
"07/01/2026, 22:47:00",25.7 °C
"07/01/2026, 22:48:00",25.7 °C
"07/01/2026, 22:49:00",25.7 °C
"07/01/2026, 22:50:00",25.7 °C
"07/01/2026, 22:51:00",25.7 °C
"07/01/2026, 22:52:00",25.7 °C
"07/01/2026, 22:53:00",25.7 °C
"07/01/2026, 22:54:00",25.7 °C
"07/01/2026, 22:55:00",25.7 °C
"07/01/2026, 22:56:00",25.7 °C
"07/01/2026, 22:57:00",25.7 °C
"07/01/2026, 22:58:00",25.7 °C
"07/01/2026, 22:59:00",25.7 °C
"07/01/2026, 23:00:00",25.6 °C
"07/01/2026, 23:01:00",25.7 °C
"07/01/2026, 23:02:00",25.6 °C
"07/01/2026, 23:03:00",25.6 °C
"07/01/2026, 23:04:00",25.7 °C
"07/01/2026, 23:05:00",25.7 °C
"07/01/2026, 23:06:00",25.7 °C
"07/01/2026, 23:07:00",25.6 °C
"07/01/2026, 23:08:00",25.7 °C
"07/01/2026, 23:09:00",25.7 °C
"07/01/2026, 23:10:00",25.6 °C
"07/01/2026, 23:11:00",25.6 °C
"07/01/2026, 23:12:00",25.6 °C
"07/01/2026, 23:13:00",25.6 °C
"07/01/2026, 23:14:00",25.6 °C
"07/01/2026, 23:15:00",25.6 °C
"07/01/2026, 23:16:00",25.7 °C
"07/01/2026, 23:17:00",25.6 °C
"07/01/2026, 23:18:00",25.6 °C
"07/01/2026, 23:19:00",25.6 °C
"07/01/2026, 23:20:00",25.6 °C
"07/01/2026, 23:21:00",25.6 °C
"07/01/2026, 23:22:00",25.6 °C
"07/01/2026, 23:23:00",25.6 °C
"07/01/2026, 23:24:00",25.6 °C
"07/01/2026, 23:25:00",25.6 °C
"07/01/2026, 23:26:00",25.7 °C
"07/01/2026, 23:27:00",25.6 °C
"07/01/2026, 23:28:00",25.7 °C
"07/01/2026, 23:29:00",25.7 °C
"07/01/2026, 23:30:00",25.7 °C
"07/01/2026, 23:31:00",25.7 °C
"07/01/2026, 23:32:00",25.7 °C
"07/01/2026, 23:33:00",25.7 °C
"07/01/2026, 23:34:00",25.7 °C
"07/01/2026, 23:35:00",25.7 °C
"07/01/2026, 23:36:00",25.7 °C
"07/01/2026, 23:37:00",25.7 °C
"07/01/2026, 23:38:00",25.7 °C
"07/01/2026, 23:39:00",25.7 °C
"07/01/2026, 23:40:00",25.8 °C
"07/01/2026, 23:41:00",25.8 °C
"07/01/2026, 23:42:00",25.9 °C
"07/01/2026, 23:43:00",25.9 °C
"07/01/2026, 23:44:00",25.9 °C
"07/01/2026, 23:45:00",26 °C
"07/01/2026, 23:46:00",26 °C
"07/01/2026, 23:47:00",26 °C
"07/01/2026, 23:48:00",26 °C
"07/01/2026, 23:49:00",26.1 °C
"07/01/2026, 23:50:00",26.1 °C
"07/01/2026, 23:51:00",26.1 °C
"07/01/2026, 23:52:00",26.1 °C
"07/01/2026, 23:53:00",26.1 °C
"07/01/2026, 23:54:00",26.1 °C
"07/01/2026, 23:55:00",26.1 °C
"07/01/2026, 23:56:00",26.2 °C
"07/01/2026, 23:57:00",26.2 °C
"07/01/2026, 23:58:00",26.2 °C
"07/01/2026, 23:59:00",26.2 °C
"08/01/2026, 00:00:00",26.2 °C
"08/01/2026, 00:01:00",26.2 °C
"08/01/2026, 00:02:00",26.2 °C
"08/01/2026, 00:03:00",26.2 °C
"08/01/2026, 00:04:00",26.3 °C
"08/01/2026, 00:05:00",26.2 °C
"08/01/2026, 00:06:00",26.2 °C
"08/01/2026, 00:07:00",26.3 °C
"08/01/2026, 00:08:00",26.3 °C
"08/01/2026, 00:09:00",26.3 °C
"08/01/2026, 00:10:00",26.3 °C
"08/01/2026, 00:11:00",26.3 °C
"08/01/2026, 00:12:00",26.3 °C
"08/01/2026, 00:13:00",26.3 °C
"08/01/2026, 00:14:00",26.3 °C
"08/01/2026, 00:15:00",26.3 °C
"08/01/2026, 00:16:00",26.3 °C
"08/01/2026, 00:17:00",26.3 °C
"08/01/2026, 00:18:00",26.3 °C
"08/01/2026, 00:19:00",26.3 °C
"08/01/2026, 00:20:00",26.3 °C
"08/01/2026, 00:21:00",26.3 °C
"08/01/2026, 00:22:00",26.3 °C
"08/01/2026, 00:23:00",26.3 °C
"08/01/2026, 00:24:00",26.3 °C
"08/01/2026, 00:25:00",26.3 °C
"08/01/2026, 00:26:00",26.3 °C
"08/01/2026, 00:27:00",26.3 °C
"08/01/2026, 00:28:00",26.3 °C
"08/01/2026, 00:29:00",26.3 °C
"08/01/2026, 00:30:00",26.3 °C
"08/01/2026, 00:31:00",26.3 °C
"08/01/2026, 00:32:00",26.3 °C
"08/01/2026, 00:33:00",26.3 °C
"08/01/2026, 00:34:00",26.3 °C
"08/01/2026, 00:35:00",26.3 °C
"08/01/2026, 00:36:00",26.3 °C
"08/01/2026, 00:37:00",26.3 °C
"08/01/2026, 00:38:00",26.3 °C
"08/01/2026, 00:39:00",26.3 °C
"08/01/2026, 00:40:00",26.2 °C
"08/01/2026, 00:41:00",26.2 °C
"08/01/2026, 00:42:00",26.2 °C
"08/01/2026, 00:43:00",26.2 °C
"08/01/2026, 00:44:00",26.2 °C
"08/01/2026, 00:45:00",26.2 °C
"08/01/2026, 00:46:00",26.2 °C
"08/01/2026, 00:47:00",26.2 °C
"08/01/2026, 00:48:00",26.2 °C
"08/01/2026, 00:49:00",26.2 °C
"08/01/2026, 00:50:00",26.2 °C
"08/01/2026, 00:51:00",26.2 °C
"08/01/2026, 00:52:00",26.2 °C
"08/01/2026, 00:53:00",26.2 °C
"08/01/2026, 00:54:00",26.2 °C
"08/01/2026, 00:55:00",26.2 °C
"08/01/2026, 00:56:00",26.1 °C
"08/01/2026, 00:57:00",26.1 °C
"08/01/2026, 00:58:00",26.1 °C
"08/01/2026, 00:59:00",26.1 °C
"08/01/2026, 01:00:00",26.1 °C
"08/01/2026, 01:01:00",26.1 °C
"08/01/2026, 01:02:00",26.1 °C
"08/01/2026, 01:03:00",26.1 °C
"08/01/2026, 01:04:00",26.1 °C
"08/01/2026, 01:05:00",26.1 °C
"08/01/2026, 01:06:00",26.1 °C
"08/01/2026, 01:07:00",26.1 °C
"08/01/2026, 01:08:00",26.1 °C
"08/01/2026, 01:09:00",26.1 °C
"08/01/2026, 01:10:00",26.1 °C
"08/01/2026, 01:11:00",26.1 °C
"08/01/2026, 01:12:00",26.1 °C
"08/01/2026, 01:13:00",26.1 °C
"08/01/2026, 01:14:00",26.1 °C
"08/01/2026, 01:15:00",26.1 °C
"08/01/2026, 01:16:00",26.1 °C
"08/01/2026, 01:17:00",26.1 °C
"08/01/2026, 01:18:00",26.1 °C
"08/01/2026, 01:19:00",26.2 °C
"08/01/2026, 01:20:00",26.2 °C
"08/01/2026, 01:21:00",26.2 °C
"08/01/2026, 01:22:00",26.2 °C
"08/01/2026, 01:23:00",26.2 °C
"08/01/2026, 01:24:00",26.2 °C
"08/01/2026, 01:25:00",26.2 °C
"08/01/2026, 01:26:00",26.2 °C
"08/01/2026, 01:27:00",26.2 °C
"08/01/2026, 01:28:00",26.2 °C
"08/01/2026, 01:29:00",26.2 °C
"08/01/2026, 01:30:00",26.2 °C
"08/01/2026, 01:31:00",26.2 °C
"08/01/2026, 01:32:00",26.2 °C
"08/01/2026, 01:33:00",26.2 °C
"08/01/2026, 01:34:00",26.2 °C
"08/01/2026, 01:35:00",26.2 °C
"08/01/2026, 01:36:00",26.2 °C
"08/01/2026, 01:37:00",26.2 °C
"08/01/2026, 01:38:00",26.2 °C
"08/01/2026, 01:39:00",26.2 °C
"08/01/2026, 01:40:00",26.2 °C
"08/01/2026, 01:41:00",26.2 °C
"08/01/2026, 01:42:00",26.2 °C
"08/01/2026, 01:43:00",26.2 °C
"08/01/2026, 01:44:00",26.2 °C
"08/01/2026, 01:45:00",26.1 °C
"08/01/2026, 01:46:00",26.1 °C
"08/01/2026, 01:47:00",26.1 °C
"08/01/2026, 01:48:00",26.1 °C
"08/01/2026, 01:49:00",26.1 °C
"08/01/2026, 01:50:00",26.1 °C
"08/01/2026, 01:51:00",26.1 °C
"08/01/2026, 01:52:00",26.1 °C
"08/01/2026, 01:53:00",26.1 °C
"08/01/2026, 01:54:00",26 °C
"08/01/2026, 01:55:00",26 °C
"08/01/2026, 01:56:00",26 °C
"08/01/2026, 01:57:00",26 °C
"08/01/2026, 01:58:00",26 °C
"08/01/2026, 01:59:00",26 °C
"08/01/2026, 02:00:00",26 °C
"08/01/2026, 02:01:00",25.9 °C
"08/01/2026, 02:02:00",25.9 °C
"08/01/2026, 02:03:00",25.9 °C
"08/01/2026, 02:04:00",25.9 °C
"08/01/2026, 02:05:00",25.9 °C
"08/01/2026, 02:06:00",25.9 °C
"08/01/2026, 02:07:00",25.9 °C
"08/01/2026, 02:08:00",25.8 °C
"08/01/2026, 02:09:00",25.8 °C
"08/01/2026, 02:10:00",25.8 °C
"08/01/2026, 02:11:00",25.8 °C
"08/01/2026, 02:12:00",25.8 °C
"08/01/2026, 02:13:00",25.8 °C
"08/01/2026, 02:14:00",25.8 °C
"08/01/2026, 02:15:00",25.8 °C
"08/01/2026, 02:16:00",25.8 °C
"08/01/2026, 02:17:00",25.8 °C
"08/01/2026, 02:18:00",25.7 °C
"08/01/2026, 02:19:00",25.8 °C
"08/01/2026, 02:20:00",25.8 °C
"08/01/2026, 02:21:00",25.7 °C
"08/01/2026, 02:22:00",25.7 °C
"08/01/2026, 02:23:00",25.7 °C
"08/01/2026, 02:24:00",25.7 °C
"08/01/2026, 02:25:00",25.7 °C
"08/01/2026, 02:26:00",25.7 °C
"08/01/2026, 02:27:00",25.7 °C
"08/01/2026, 02:28:00",25.7 °C
"08/01/2026, 02:29:00",25.7 °C
"08/01/2026, 02:30:00",25.7 °C
"08/01/2026, 02:31:00",25.7 °C
"08/01/2026, 02:32:00",25.7 °C
"08/01/2026, 02:33:00",25.7 °C
"08/01/2026, 02:34:00",25.7 °C
"08/01/2026, 02:35:00",25.6 °C
"08/01/2026, 02:36:00",25.6 °C
"08/01/2026, 02:37:00",25.6 °C
"08/01/2026, 02:38:00",25.6 °C
"08/01/2026, 02:39:00",25.6 °C
"08/01/2026, 02:40:00",25.6 °C
"08/01/2026, 02:41:00",25.6 °C
"08/01/2026, 02:42:00",25.6 °C
"08/01/2026, 02:43:00",25.6 °C
"08/01/2026, 02:44:00",25.6 °C
"08/01/2026, 02:45:00",25.6 °C
"08/01/2026, 02:46:00",25.6 °C
"08/01/2026, 02:47:00",25.6 °C
"08/01/2026, 02:48:00",25.6 °C
"08/01/2026, 02:49:00",25.6 °C
"08/01/2026, 02:50:00",25.5 °C
"08/01/2026, 02:51:00",25.5 °C
"08/01/2026, 02:52:00",25.5 °C
"08/01/2026, 02:53:00",25.5 °C
"08/01/2026, 02:54:00",25.5 °C
"08/01/2026, 02:55:00",25.5 °C
"08/01/2026, 02:56:00",25.5 °C
"08/01/2026, 02:57:00",25.5 °C
"08/01/2026, 02:58:00",25.5 °C
"08/01/2026, 02:59:00",25.5 °C
"08/01/2026, 03:00:00",25.5 °C
"08/01/2026, 03:01:00",25.5 °C
"08/01/2026, 03:02:00",25.4 °C
"08/01/2026, 03:03:00",25.4 °C
"08/01/2026, 03:04:00",25.4 °C
"08/01/2026, 03:05:00",25.4 °C
"08/01/2026, 03:06:00",25.4 °C
"08/01/2026, 03:07:00",25.4 °C
"08/01/2026, 03:08:00",25.4 °C
"08/01/2026, 03:09:00",25.4 °C
"08/01/2026, 03:10:00",25.4 °C
"08/01/2026, 03:11:00",25.4 °C
"08/01/2026, 03:12:00",25.4 °C
"08/01/2026, 03:13:00",25.4 °C
"08/01/2026, 03:14:00",25.4 °C
"08/01/2026, 03:15:00",25.4 °C
"08/01/2026, 03:16:00",25.4 °C
"08/01/2026, 03:17:00",25.4 °C
"08/01/2026, 03:18:00",25.3 °C
"08/01/2026, 03:19:00",25.3 °C
"08/01/2026, 03:20:00",25.3 °C
"08/01/2026, 03:21:00",25.3 °C
"08/01/2026, 03:22:00",25.3 °C
"08/01/2026, 03:23:00",25.3 °C
"08/01/2026, 03:24:00",25.3 °C
"08/01/2026, 03:25:00",25.3 °C
"08/01/2026, 03:26:00",25.3 °C
"08/01/2026, 03:27:00",25.3 °C
"08/01/2026, 03:28:00",25.3 °C
"08/01/2026, 03:29:00",25.3 °C
"08/01/2026, 03:30:00",25.3 °C
"08/01/2026, 03:31:00",25.2 °C
"08/01/2026, 03:32:00",25.2 °C
"08/01/2026, 03:33:00",25.2 °C
"08/01/2026, 03:34:00",25.2 °C
"08/01/2026, 03:35:00",25.2 °C
"08/01/2026, 03:36:00",25.2 °C
"08/01/2026, 03:37:00",25.2 °C
"08/01/2026, 03:38:00",25.2 °C
"08/01/2026, 03:39:00",25.2 °C
"08/01/2026, 03:40:00",25.2 °C
"08/01/2026, 03:41:00",25.2 °C
"08/01/2026, 03:42:00",25.2 °C
"08/01/2026, 03:43:00",25.2 °C
"08/01/2026, 03:44:00",25.2 °C
"08/01/2026, 03:45:00",25.2 °C
"08/01/2026, 03:46:00",25.2 °C
"08/01/2026, 03:47:00",25.2 °C
"08/01/2026, 03:48:00",25.1 °C
"08/01/2026, 03:49:00",25.2 °C
"08/01/2026, 03:50:00",25.2 °C
"08/01/2026, 03:51:00",25.1 °C
"08/01/2026, 03:52:00",25.1 °C
"08/01/2026, 03:53:00",25.1 °C
"08/01/2026, 03:54:00",25.1 °C
"08/01/2026, 03:55:00",25.1 °C
"08/01/2026, 03:56:00",25.1 °C
"08/01/2026, 03:57:00",25.1 °C
"08/01/2026, 03:58:00",25.1 °C
"08/01/2026, 03:59:00",25.1 °C
"08/01/2026, 04:00:00",25.1 °C
"08/01/2026, 04:01:00",25.1 °C
"08/01/2026, 04:02:00",25.1 °C
"08/01/2026, 04:03:00",25.1 °C
"08/01/2026, 04:04:00",25.1 °C
"08/01/2026, 04:05:00",25.1 °C
"08/01/2026, 04:06:00",25.1 °C
"08/01/2026, 04:07:00",25.1 °C
"08/01/2026, 04:08:00",25.1 °C
"08/01/2026, 04:09:00",25.1 °C
"08/01/2026, 04:10:00",25.1 °C
"08/01/2026, 04:11:00",25.1 °C
"08/01/2026, 04:12:00",25.1 °C
"08/01/2026, 04:13:00",25.1 °C
"08/01/2026, 04:14:00",25.1 °C
"08/01/2026, 04:15:00",25.1 °C
"08/01/2026, 04:16:00",25 °C
"08/01/2026, 04:17:00",25 °C
"08/01/2026, 04:18:00",25 °C
"08/01/2026, 04:19:00",25 °C
"08/01/2026, 04:20:00",25 °C
"08/01/2026, 04:21:00",25 °C
"08/01/2026, 04:22:00",25 °C
"08/01/2026, 04:23:00",25 °C
"08/01/2026, 04:24:00",25 °C
"08/01/2026, 04:25:00",24.9 °C
"08/01/2026, 04:26:00",24.9 °C
"08/01/2026, 04:27:00",24.9 °C
"08/01/2026, 04:28:00",24.9 °C
"08/01/2026, 04:29:00",24.9 °C
"08/01/2026, 04:30:00",24.9 °C
"08/01/2026, 04:31:00",24.9 °C
"08/01/2026, 04:32:00",24.9 °C
"08/01/2026, 04:33:00",24.9 °C
"08/01/2026, 04:34:00",24.9 °C
"08/01/2026, 04:35:00",24.9 °C
"08/01/2026, 04:36:00",24.9 °C
"08/01/2026, 04:37:00",24.8 °C
"08/01/2026, 04:38:00",24.9 °C
"08/01/2026, 04:39:00",24.8 °C
"08/01/2026, 04:40:00",24.8 °C
"08/01/2026, 04:41:00",24.8 °C
"08/01/2026, 04:42:00",24.8 °C
"08/01/2026, 04:43:00",24.8 °C
"08/01/2026, 04:44:00",24.8 °C
"08/01/2026, 04:45:00",24.8 °C
"08/01/2026, 04:46:00",24.8 °C
"08/01/2026, 04:47:00",24.8 °C
"08/01/2026, 04:48:00",24.8 °C
"08/01/2026, 04:49:00",24.7 °C
"08/01/2026, 04:50:00",24.7 °C
"08/01/2026, 04:51:00",24.8 °C
"08/01/2026, 04:52:00",24.7 °C
"08/01/2026, 04:53:00",24.7 °C
"08/01/2026, 04:54:00",24.7 °C
"08/01/2026, 04:55:00",24.7 °C
"08/01/2026, 04:56:00",24.7 °C
"08/01/2026, 04:57:00",24.7 °C
"08/01/2026, 04:58:00",24.7 °C
"08/01/2026, 04:59:00",24.7 °C
"08/01/2026, 05:00:00",24.6 °C
"08/01/2026, 05:01:00",24.6 °C
"08/01/2026, 05:02:00",24.6 °C
"08/01/2026, 05:03:00",24.6 °C
"08/01/2026, 05:04:00",24.6 °C
"08/01/2026, 05:05:00",24.6 °C
"08/01/2026, 05:06:00",24.6 °C
"08/01/2026, 05:07:00",24.6 °C
"08/01/2026, 05:08:00",24.6 °C
"08/01/2026, 05:09:00",24.6 °C
"08/01/2026, 05:10:00",24.5 °C
"08/01/2026, 05:11:00",24.5 °C
"08/01/2026, 05:12:00",24.5 °C
"08/01/2026, 05:13:00",24.5 °C
"08/01/2026, 05:14:00",24.5 °C
"08/01/2026, 05:15:00",24.5 °C
"08/01/2026, 05:16:00",24.5 °C
"08/01/2026, 05:17:00",24.5 °C
"08/01/2026, 05:18:00",24.4 °C
"08/01/2026, 05:19:00",24.4 °C
"08/01/2026, 05:20:00",24.4 °C
"08/01/2026, 05:21:00",24.4 °C
"08/01/2026, 05:22:00",24.4 °C
"08/01/2026, 05:23:00",24.4 °C
"08/01/2026, 05:24:00",24.4 °C
"08/01/2026, 05:25:00",24.3 °C
"08/01/2026, 05:26:00",24.3 °C
"08/01/2026, 05:27:00",24.3 °C
"08/01/2026, 05:28:00",24.3 °C
"08/01/2026, 05:29:00",24.3 °C
"08/01/2026, 05:30:00",24.3 °C
"08/01/2026, 05:31:00",24.3 °C
"08/01/2026, 05:32:00",24.3 °C
"08/01/2026, 05:33:00",24.3 °C
"08/01/2026, 05:34:00",24.3 °C
"08/01/2026, 05:35:00",24.2 °C
"08/01/2026, 05:36:00",24.2 °C
"08/01/2026, 05:37:00",24.2 °C
"08/01/2026, 05:38:00",24.2 °C
"08/01/2026, 05:39:00",24.2 °C
"08/01/2026, 05:40:00",24.2 °C
"08/01/2026, 05:41:00",24.2 °C
"08/01/2026, 05:42:00",24.2 °C
"08/01/2026, 05:43:00",24.2 °C
"08/01/2026, 05:44:00",24.1 °C
"08/01/2026, 05:45:00",24.1 °C
"08/01/2026, 05:46:00",24.2 °C
"08/01/2026, 05:47:00",24.1 °C
"08/01/2026, 05:48:00",24.1 °C
"08/01/2026, 05:49:00",24.1 °C
"08/01/2026, 05:50:00",24.1 °C
"08/01/2026, 05:51:00",24.1 °C
"08/01/2026, 05:52:00",24.1 °C
"08/01/2026, 05:53:00",24.1 °C
"08/01/2026, 05:54:00",24.1 °C
"08/01/2026, 05:55:00",24.1 °C
"08/01/2026, 05:56:00",24 °C
"08/01/2026, 05:57:00",24 °C
"08/01/2026, 05:58:00",24 °C
"08/01/2026, 05:59:00",24 °C
"08/01/2026, 06:00:00",24 °C
"08/01/2026, 06:01:00",24 °C
"08/01/2026, 06:02:00",24 °C
"08/01/2026, 06:03:00",24 °C
"08/01/2026, 06:04:00",24 °C
"08/01/2026, 06:05:00",24 °C
"08/01/2026, 06:06:00",24 °C
"08/01/2026, 06:07:00",24 °C
"08/01/2026, 06:08:00",24 °C
"08/01/2026, 06:09:00",23.9 °C
"08/01/2026, 06:10:00",24.1 °C
"08/01/2026, 06:11:00",24.6 °C
"08/01/2026, 06:12:00",25.2 °C
"08/01/2026, 06:13:00",26.2 °C
"08/01/2026, 06:14:00",28.1 °C
"08/01/2026, 06:15:00",30.5 °C
"08/01/2026, 06:16:00",32.6 °C
"08/01/2026, 06:17:00",33.6 °C
"08/01/2026, 06:18:00",34.2 °C
"08/01/2026, 06:19:00",35 °C
"08/01/2026, 06:20:00",36.2 °C
"08/01/2026, 06:21:00",37 °C
"08/01/2026, 06:22:00",37.3 °C
"08/01/2026, 06:23:00",37.6 °C
"08/01/2026, 06:24:00",38.3 °C
"08/01/2026, 06:25:00",39.2 °C
"08/01/2026, 06:26:00",39.4 °C
"08/01/2026, 06:27:00",39.5 °C
"08/01/2026, 06:28:00",40.1 °C
"08/01/2026, 06:29:00",41 °C
"08/01/2026, 06:30:00",41.5 °C
"08/01/2026, 06:31:00",41.5 °C
"08/01/2026, 06:32:00",41.7 °C
"08/01/2026, 06:33:00",42.5 °C
"08/01/2026, 06:34:00",43.1 °C
"08/01/2026, 06:35:00",43.2 °C
"08/01/2026, 06:36:00",43.1 °C
"08/01/2026, 06:37:00",43.5 °C
"08/01/2026, 06:38:00",44.2 °C
"08/01/2026, 06:39:00",44.4 °C
"08/01/2026, 06:40:00",44.2 °C
"08/01/2026, 06:41:00",44.3 °C
"08/01/2026, 06:42:00",45 °C
"08/01/2026, 06:43:00",45.4 °C
"08/01/2026, 06:44:00",45.3 °C
"08/01/2026, 06:45:00",45.1 °C
"08/01/2026, 06:46:00",45.6 °C
"08/01/2026, 06:47:00",46.2 °C
"08/01/2026, 06:48:00",46.3 °C
"08/01/2026, 06:49:00",46 °C
"08/01/2026, 06:50:00",46 °C
"08/01/2026, 06:51:00",46.7 °C
"08/01/2026, 06:52:00",47 °C
"08/01/2026, 06:53:00",46.8 °C
"08/01/2026, 06:54:00",46.2 °C
"08/01/2026, 06:55:00",45.5 °C
"08/01/2026, 06:56:00",44.6 °C
"08/01/2026, 06:57:00",43.7 °C
"08/01/2026, 06:58:00",42.9 °C
"08/01/2026, 06:59:00",42.2 °C
"08/01/2026, 07:00:00",41.4 °C
"08/01/2026, 07:01:00",40.8 °C
"08/01/2026, 07:02:00",40.1 °C
"08/01/2026, 07:03:00",39.6 °C
"08/01/2026, 07:04:00",39 °C
"08/01/2026, 07:05:00",38.5 °C
"08/01/2026, 07:06:00",38 °C
"08/01/2026, 07:07:00",37.5 °C
"08/01/2026, 07:08:00",36.9 °C
"08/01/2026, 07:09:00",36.3 °C
"08/01/2026, 07:10:00",35.8 °C
"08/01/2026, 07:11:00",35.2 °C
"08/01/2026, 07:12:00",34.8 °C
"08/01/2026, 07:13:00",34.5 °C
"08/01/2026, 07:14:00",34.2 °C
"08/01/2026, 07:15:00",34 °C
"08/01/2026, 07:16:00",33.7 °C
"08/01/2026, 07:17:00",33.5 °C
"08/01/2026, 07:18:00",33.3 °C
"08/01/2026, 07:19:00",33 °C
"08/01/2026, 07:20:00",32.8 °C
"08/01/2026, 07:21:00",32.6 °C
"08/01/2026, 07:22:00",32.4 °C
"08/01/2026, 07:23:00",32.1 °C
"08/01/2026, 07:24:00",31.9 °C
"08/01/2026, 07:25:00",31.8 °C
"08/01/2026, 07:26:00",31.6 °C
"08/01/2026, 07:27:00",31.4 °C
"08/01/2026, 07:28:00",31.2 °C
"08/01/2026, 07:29:00",31 °C
"08/01/2026, 07:30:00",30.8 °C
"08/01/2026, 07:31:00",30.6 °C
"08/01/2026, 07:32:00",30.5 °C
"08/01/2026, 07:33:00",30.3 °C
"08/01/2026, 07:34:00",30.1 °C
"08/01/2026, 07:35:00",30 °C
"08/01/2026, 07:36:00",29.8 °C
"08/01/2026, 07:37:00",29.7 °C
"08/01/2026, 07:38:00",29.5 °C
"08/01/2026, 07:39:00",29.4 °C
"08/01/2026, 07:40:00",29.2 °C
"08/01/2026, 07:41:00",29.1 °C
"08/01/2026, 07:42:00",29 °C
"08/01/2026, 07:43:00",28.8 °C
"08/01/2026, 07:44:00",28.8 °C
"08/01/2026, 07:45:00",28.6 °C
"08/01/2026, 07:46:00",28.5 °C
"08/01/2026, 07:47:00",28.4 °C
"08/01/2026, 07:48:00",28.3 °C
"08/01/2026, 07:49:00",28.2 °C
"08/01/2026, 07:50:00",28.1 °C
"08/01/2026, 07:51:00",28 °C
"08/01/2026, 07:52:00",27.9 °C
"08/01/2026, 07:53:00",27.9 °C
"08/01/2026, 07:54:00",27.8 °C
"08/01/2026, 07:55:00",27.7 °C
"08/01/2026, 07:56:00",27.6 °C
"08/01/2026, 07:57:00",27.6 °C
"08/01/2026, 07:58:00",27.5 °C
"08/01/2026, 07:59:00",27.4 °C
"08/01/2026, 08:00:00",27.4 °C
"08/01/2026, 08:01:00",27.3 °C
"08/01/2026, 08:02:00",27.3 °C
"08/01/2026, 08:03:00",27.2 °C
"08/01/2026, 08:04:00",27.2 °C
"08/01/2026, 08:05:00",27.1 °C
"08/01/2026, 08:06:00",27.1 °C
"08/01/2026, 08:07:00",27 °C
"08/01/2026, 08:08:00",27 °C
"08/01/2026, 08:09:00",26.9 °C
"08/01/2026, 08:10:00",26.9 °C
"08/01/2026, 08:11:00",26.9 °C
"08/01/2026, 08:12:00",26.8 °C
"08/01/2026, 08:13:00",26.8 °C
"08/01/2026, 08:14:00",26.7 °C
"08/01/2026, 08:15:00",26.7 °C
"08/01/2026, 08:16:00",26.7 °C
"08/01/2026, 08:17:00",26.7 °C
"08/01/2026, 08:18:00",26.6 °C
"08/01/2026, 08:19:00",26.6 °C
"08/01/2026, 08:20:00",26.6 °C
"08/01/2026, 08:21:00",26.6 °C
"08/01/2026, 08:22:00",26.5 °C
"08/01/2026, 08:23:00",26.5 °C
"08/01/2026, 08:24:00",26.5 °C
"08/01/2026, 08:25:00",26.5 °C
"08/01/2026, 08:26:00",26.5 °C
"08/01/2026, 08:27:00",26.5 °C
"08/01/2026, 08:28:00",26.5 °C
"08/01/2026, 08:29:00",26.4 °C
"08/01/2026, 08:30:00",26.4 °C
"08/01/2026, 08:31:00",26.4 °C
"08/01/2026, 08:32:00",26.4 °C
"08/01/2026, 08:33:00",26.4 °C
"08/01/2026, 08:34:00",26.4 °C
"08/01/2026, 08:35:00",26.4 °C
"08/01/2026, 08:36:00",26.3 °C
"08/01/2026, 08:37:00",26.3 °C
"08/01/2026, 08:38:00",26.3 °C
"08/01/2026, 08:39:00",26.3 °C
"08/01/2026, 08:40:00",26.3 °C
"08/01/2026, 08:41:00",26.4 °C
"08/01/2026, 08:42:00",26.4 °C
"08/01/2026, 08:43:00",26.5 °C
"08/01/2026, 08:44:00",26.5 °C
"08/01/2026, 08:45:00",26.5 °C
"08/01/2026, 08:46:00",26.6 °C
"08/01/2026, 08:47:00",26.7 °C
"08/01/2026, 08:48:00",26.7 °C
"08/01/2026, 08:49:00",26.8 °C
"08/01/2026, 08:50:00",26.8 °C
"08/01/2026, 08:51:00",26.9 °C
"08/01/2026, 08:52:00",26.9 °C
"08/01/2026, 08:53:00",27 °C
"08/01/2026, 08:54:00",27 °C
"08/01/2026, 08:55:00",27 °C
"08/01/2026, 08:56:00",27.1 °C
"08/01/2026, 08:57:00",27.1 °C
"08/01/2026, 08:58:00",27.2 °C
"08/01/2026, 08:59:00",27.2 °C
"08/01/2026, 09:00:00",27.3 °C
"08/01/2026, 09:01:00",27.3 °C
"08/01/2026, 09:02:00",27.4 °C
"08/01/2026, 09:03:00",27.4 °C
"08/01/2026, 09:04:00",27.5 °C
"08/01/2026, 09:05:00",27.5 °C
"08/01/2026, 09:06:00",27.6 °C
"08/01/2026, 09:07:00",27.7 °C
"08/01/2026, 09:08:00",27.7 °C
"08/01/2026, 09:09:00",27.7 °C
"08/01/2026, 09:10:00",27.8 °C
"08/01/2026, 09:11:00",27.8 °C
"08/01/2026, 09:12:00",27.8 °C
"08/01/2026, 09:13:00",27.9 °C
"08/01/2026, 09:14:00",28 °C
"08/01/2026, 09:15:00",28 °C
"08/01/2026, 09:16:00",28 °C
"08/01/2026, 09:17:00",28.1 °C
"08/01/2026, 09:18:00",28.1 °C
"08/01/2026, 09:19:00",28.2 °C
"08/01/2026, 09:20:00",28.2 °C
"08/01/2026, 09:21:00",28.3 °C
"08/01/2026, 09:22:00",28.3 °C
"08/01/2026, 09:23:00",28.3 °C
"08/01/2026, 09:24:00",28.2 °C
"08/01/2026, 09:25:00",28.2 °C
"08/01/2026, 09:26:00",28.2 °C
"08/01/2026, 09:27:00",28.3 °C
"08/01/2026, 09:28:00",28.4 °C
"08/01/2026, 09:29:00",28.6 °C
"08/01/2026, 09:30:00",28.8 °C
"08/01/2026, 09:31:00",29 °C
"08/01/2026, 09:32:00",29 °C
"08/01/2026, 09:33:00",28.8 °C
"08/01/2026, 09:34:00",28.6 °C
"08/01/2026, 09:35:00",28.4 °C
"08/01/2026, 09:36:00",28.2 °C
"08/01/2026, 09:37:00",28.3 °C
"08/01/2026, 09:38:00",28.4 °C
"08/01/2026, 09:39:00",28.5 °C
"08/01/2026, 09:40:00",28.6 °C
"08/01/2026, 09:41:00",28.6 °C
"08/01/2026, 09:42:00",28.7 °C
"08/01/2026, 09:43:00",28.8 °C
"08/01/2026, 09:44:00",29 °C
"08/01/2026, 09:45:00",29.3 °C
"08/01/2026, 09:46:00",29.4 °C
"08/01/2026, 09:47:00",29.4 °C
"08/01/2026, 09:48:00",29.5 °C
"08/01/2026, 09:49:00",29.6 °C
"08/01/2026, 09:50:00",29.7 °C
"08/01/2026, 09:51:00",29.8 °C
"08/01/2026, 09:52:00",29.9 °C
"08/01/2026, 09:53:00",29.9 °C
"08/01/2026, 09:54:00",30 °C
"08/01/2026, 09:55:00",30.1 °C
"08/01/2026, 09:56:00",30.2 °C
"08/01/2026, 09:57:00",30.3 °C
"08/01/2026, 09:58:00",30.4 °C
"08/01/2026, 09:59:00",30.6 °C
"08/01/2026, 10:00:00",30.7 °C
"08/01/2026, 10:01:00",30.8 °C
"08/01/2026, 10:02:00",30.9 °C
"08/01/2026, 10:03:00",31 °C
"08/01/2026, 10:04:00",31.1 °C
"08/01/2026, 10:05:00",31 °C
"08/01/2026, 10:06:00",30.9 °C
"08/01/2026, 10:07:00",30.7 °C
"08/01/2026, 10:08:00",30.6 °C
"08/01/2026, 10:09:00",30.6 °C
"08/01/2026, 10:10:00",30.7 °C
"08/01/2026, 10:11:00",30.8 °C
"08/01/2026, 10:12:00",30.8 °C
"08/01/2026, 10:13:00",30.8 °C
"08/01/2026, 10:14:00",30.7 °C
"08/01/2026, 10:15:00",30.6 °C
"08/01/2026, 10:16:00",30.5 °C
"08/01/2026, 10:17:00",30.4 °C
"08/01/2026, 10:18:00",30.5 °C
"08/01/2026, 10:19:00",30.6 °C
"08/01/2026, 10:20:00",30.6 °C
"08/01/2026, 10:21:00",30.5 °C
"08/01/2026, 10:22:00",30.4 °C
"08/01/2026, 10:23:00",30.2 °C
"08/01/2026, 10:24:00",30.2 °C
"08/01/2026, 10:26:00",30.4 °C
"08/01/2026, 10:27:00",30.7 °C
"08/01/2026, 10:28:00",30.8 °C
"08/01/2026, 10:29:00",30.8 °C
"08/01/2026, 10:30:00",30.8 °C
"08/01/2026, 10:31:00",30.7 °C
"08/01/2026, 10:32:00",30.7 °C
"08/01/2026, 10:33:00",30.6 °C
"08/01/2026, 10:34:00",30.7 °C
"08/01/2026, 10:35:00",30.8 °C
"08/01/2026, 10:36:00",30.9 °C
"08/01/2026, 10:37:00",30.8 °C
"08/01/2026, 10:38:00",30.6 °C
"08/01/2026, 10:39:00",30.5 °C
"08/01/2026, 10:40:00",30.4 °C
"08/01/2026, 10:41:00",30.5 °C
"08/01/2026, 10:42:00",30.6 °C
"08/01/2026, 10:43:00",30.6 °C
"08/01/2026, 10:44:00",30.6 °C
"08/01/2026, 10:45:00",30.6 °C
"08/01/2026, 10:46:00",30.6 °C
"08/01/2026, 10:47:00",30.5 °C
"08/01/2026, 10:48:00",30.5 °C
"08/01/2026, 10:49:00",30.7 °C
"08/01/2026, 10:50:00",30.8 °C
"08/01/2026, 10:51:00",30.9 °C
"08/01/2026, 10:52:00",30.8 °C
"08/01/2026, 10:53:00",30.7 °C
"08/01/2026, 10:54:00",30.7 °C
"08/01/2026, 10:55:00",30.5 °C
"08/01/2026, 10:56:00",30.5 °C
"08/01/2026, 10:57:00",30.6 °C
"08/01/2026, 10:58:00",30.7 °C
"08/01/2026, 10:59:00",30.9 °C
"08/01/2026, 11:00:00",30.8 °C
"08/01/2026, 11:01:00",30.7 °C
"08/01/2026, 11:02:00",30.6 °C
"08/01/2026, 11:03:00",30.4 °C
"08/01/2026, 11:04:00",30.3 °C
"08/01/2026, 11:05:00",30.4 °C
"08/01/2026, 11:06:00",30.5 °C
"08/01/2026, 11:07:00",30.6 °C
"08/01/2026, 11:08:00",30.6 °C
"08/01/2026, 11:09:00",30.6 °C
"08/01/2026, 11:10:00",30.5 °C
"08/01/2026, 11:11:00",30.5 °C
"08/01/2026, 11:12:00",30.5 °C
"08/01/2026, 11:13:00",30.5 °C
"08/01/2026, 11:14:00",30.7 °C
"08/01/2026, 11:15:00",30.9 °C
"08/01/2026, 11:16:00",31 °C
"08/01/2026, 11:17:00",31.2 °C
"08/01/2026, 11:18:00",31.4 °C
"08/01/2026, 11:19:00",31.4 °C
"08/01/2026, 11:20:00",31.4 °C
"08/01/2026, 11:21:00",31.6 °C
"08/01/2026, 11:22:00",31.8 °C
"08/01/2026, 11:23:00",32 °C
"08/01/2026, 11:24:00",32 °C
"08/01/2026, 11:25:00",31.9 °C
"08/01/2026, 11:26:00",31.9 °C
"08/01/2026, 11:27:00",31.7 °C
"08/01/2026, 11:28:00",31.7 °C
"08/01/2026, 11:29:00",31.8 °C
"08/01/2026, 11:30:00",31.9 °C
"08/01/2026, 11:31:00",32 °C
"08/01/2026, 11:32:00",32 °C
"08/01/2026, 11:33:00",31.9 °C
"08/01/2026, 11:34:00",31.7 °C
"08/01/2026, 11:35:00",31.6 °C
"08/01/2026, 11:36:00",31.4 °C
"08/01/2026, 11:37:00",31.2 °C
"08/01/2026, 11:38:00",31.2 °C
"08/01/2026, 11:39:00",31.2 °C
"08/01/2026, 11:40:00",31.4 °C
"08/01/2026, 11:41:00",31.5 °C
"08/01/2026, 11:42:00",31.5 °C
"08/01/2026, 11:43:00",31.4 °C
"08/01/2026, 11:44:00",31.3 °C
"08/01/2026, 11:45:00",31.2 °C
"08/01/2026, 11:46:00",31.1 °C
"08/01/2026, 11:47:00",31 °C
"08/01/2026, 11:48:00",30.9 °C
"08/01/2026, 11:49:00",30.7 °C
"08/01/2026, 11:50:00",30.7 °C
"08/01/2026, 11:51:00",30.8 °C
"08/01/2026, 11:52:00",30.9 °C
"08/01/2026, 11:53:00",31.1 °C
"08/01/2026, 11:54:00",31.3 °C
"08/01/2026, 11:55:00",31.3 °C
"08/01/2026, 11:56:00",31.4 °C
"08/01/2026, 11:57:00",31.4 °C
"08/01/2026, 11:58:00",31.4 °C
"08/01/2026, 11:59:00",31.4 °C
"08/01/2026, 12:00:00",31.4 °C
"08/01/2026, 12:01:00",31.2 °C
"08/01/2026, 12:02:00",31.1 °C
"08/01/2026, 12:03:00",30.9 °C
"08/01/2026, 12:04:00",30.8 °C
"08/01/2026, 12:05:00",30.7 °C
"08/01/2026, 12:06:00",30.7 °C
"08/01/2026, 12:07:00",30.8 °C
"08/01/2026, 12:08:00",30.9 °C
"08/01/2026, 12:09:00",31 °C
"08/01/2026, 12:10:00",31 °C
"08/01/2026, 12:11:00",30.9 °C
"08/01/2026, 12:12:00",30.8 °C
"08/01/2026, 12:13:00",30.8 °C
"08/01/2026, 12:14:00",30.9 °C
"08/01/2026, 12:15:00",31.1 °C
"08/01/2026, 12:16:00",31.3 °C
"08/01/2026, 12:17:00",31.5 °C
"08/01/2026, 12:18:00",31.5 °C
"08/01/2026, 12:19:00",31.4 °C
"08/01/2026, 12:20:00",31.4 °C
"08/01/2026, 12:21:00",31.4 °C
"08/01/2026, 12:22:00",31.4 °C
"08/01/2026, 12:23:00",31.4 °C
"08/01/2026, 12:24:00",31.4 °C
"08/01/2026, 12:25:00",31.3 °C
"08/01/2026, 12:26:00",31.4 °C
"08/01/2026, 12:27:00",31.7 °C
"08/01/2026, 12:28:00",31.9 °C
"08/01/2026, 12:29:00",32.1 °C
"08/01/2026, 12:30:00",32.1 °C
"08/01/2026, 12:31:00",32.2 °C
"08/01/2026, 12:32:00",32.2 °C
"08/01/2026, 12:33:00",32.4 °C
"08/01/2026, 12:34:00",32.6 °C
"08/01/2026, 12:35:00",32.8 °C
"08/01/2026, 12:36:00",32.9 °C
"08/01/2026, 12:37:00",32.9 °C
"08/01/2026, 12:38:00",32.9 °C
"08/01/2026, 12:39:00",32.9 °C
"08/01/2026, 12:40:00",32.8 °C
"08/01/2026, 12:41:00",32.7 °C
"08/01/2026, 12:42:00",32.5 °C
"08/01/2026, 12:43:00",32.4 °C
"08/01/2026, 12:44:00",32.4 °C
"08/01/2026, 12:45:00",32.3 °C
"08/01/2026, 12:46:00",32.4 °C
"08/01/2026, 12:47:00",32.6 °C
"08/01/2026, 12:48:00",32.7 °C
"08/01/2026, 12:49:00",32.7 °C
"08/01/2026, 12:50:00",32.7 °C
"08/01/2026, 12:51:00",32.6 °C
"08/01/2026, 12:52:00",32.5 °C
"08/01/2026, 12:53:00",32.4 °C
"08/01/2026, 12:54:00",32.4 °C
"08/01/2026, 12:55:00",32.3 °C
"08/01/2026, 12:56:00",32.4 °C
"08/01/2026, 12:57:00",32.6 °C
"08/01/2026, 12:58:00",32.8 °C
"08/01/2026, 12:59:00",32.8 °C
"08/01/2026, 13:00:00",32.8 °C
"08/01/2026, 13:01:00",32.8 °C
"08/01/2026, 13:02:00",32.7 °C
"08/01/2026, 13:03:00",32.7 °C
"08/01/2026, 13:04:00",32.7 °C
"08/01/2026, 13:05:00",32.9 °C
"08/01/2026, 13:06:00",33.1 °C
"08/01/2026, 13:07:00",33.2 °C
"08/01/2026, 13:08:00",33.2 °C
"08/01/2026, 13:09:00",33.2 °C
"08/01/2026, 13:10:00",33.1 °C
"08/01/2026, 13:11:00",33.1 °C
"08/01/2026, 13:12:00",33.1 °C
"08/01/2026, 13:13:00",33.2 °C
"08/01/2026, 13:14:00",33.4 °C
"08/01/2026, 13:15:00",33.4 °C
"08/01/2026, 13:16:00",33.5 °C
"08/01/2026, 13:17:00",33.5 °C
"08/01/2026, 13:18:00",33.4 °C
"08/01/2026, 13:19:00",33.3 °C
"08/01/2026, 13:20:00",33.3 °C
"08/01/2026, 13:21:00",33.3 °C
"08/01/2026, 13:22:00",33.5 °C
"08/01/2026, 13:23:00",33.6 °C
"08/01/2026, 13:24:00",33.6 °C
"08/01/2026, 13:25:00",33.6 °C
"08/01/2026, 13:26:00",33.6 °C
"08/01/2026, 13:27:00",33.5 °C
"08/01/2026, 13:28:00",33.4 °C
"08/01/2026, 13:29:00",33.4 °C
"08/01/2026, 13:30:00",33.5 °C
"08/01/2026, 13:31:00",33.7 °C
"08/01/2026, 13:32:00",33.7 °C
"08/01/2026, 13:33:00",33.7 °C
"08/01/2026, 13:34:00",33.6 °C
"08/01/2026, 13:35:00",33.5 °C
"08/01/2026, 13:36:00",33.4 °C
"08/01/2026, 13:37:00",33.5 °C
"08/01/2026, 13:38:00",33.6 °C
"08/01/2026, 13:39:00",33.8 °C
"08/01/2026, 13:40:00",33.8 °C
"08/01/2026, 13:41:00",33.8 °C
"08/01/2026, 13:42:00",33.8 °C
"08/01/2026, 13:43:00",33.7 °C
"08/01/2026, 13:44:00",33.6 °C
"08/01/2026, 13:45:00",33.5 °C
"08/01/2026, 13:46:00",33.5 °C
"08/01/2026, 13:47:00",33.6 °C
"08/01/2026, 13:48:00",33.8 °C
"08/01/2026, 13:49:00",33.8 °C
"08/01/2026, 13:50:00",33.9 °C
"08/01/2026, 13:51:00",33.8 °C
"08/01/2026, 13:52:00",33.8 °C
"08/01/2026, 13:53:00",33.8 °C
"08/01/2026, 13:54:00",33.7 °C
"08/01/2026, 13:55:00",33.6 °C
"08/01/2026, 13:56:00",33.7 °C
"08/01/2026, 13:57:00",33.8 °C
"08/01/2026, 13:58:00",34 °C
"08/01/2026, 13:59:00",34 °C
"08/01/2026, 14:00:00",34 °C
"08/01/2026, 14:01:00",33.9 °C
"08/01/2026, 14:02:00",33.9 °C
"08/01/2026, 14:03:00",33.8 °C
"08/01/2026, 14:04:00",33.7 °C
"08/01/2026, 14:05:00",33.7 °C
"08/01/2026, 14:06:00",33.9 °C
"08/01/2026, 14:07:00",34.1 °C
"08/01/2026, 14:08:00",34.1 °C
"08/01/2026, 14:09:00",34.1 °C
"08/01/2026, 14:10:00",34 °C
"08/01/2026, 14:11:00",33.9 °C